은행명,상품종류,상품이름,조항,조항이름,조항내용
우리은행,예금,예금거래기본약관,제1조,(적용범위),"이 약관은 입출금이 자유로운 예금, 거치식예금 및 적립식예금 거래에 적용한다."
우리은행,예금,예금거래기본약관,제2조,(실명거래),"① 거래처는 실명으로 거래하여야 한다.
② 은행은 거래처의 실명확인을 위하여 주민등록증․사업자등록증 등 실명확인증표 또
는 그밖에 필요한 서류의 제시나 제출을 요구할 수 있고, 거래처는 이에 따라야 한다."
우리은행,예금,예금거래기본약관,제3조,(거래장소),"거래처는 예금계좌를 개설한 영업점(이하 “개설점”이라 한다)에서 모든 예금거래를 한다.
다만, 은행이 정하는 바에 따라 다른 영업점이나 다른 금융기관, 또는 현금자동지급기․ 현금자동입출금기․컴퓨터․전화기 등(이하 “전산통신기기”)을 통하여 거래할 수 있다."
우리은행,예금,예금거래기본약관,제4조,(거래방법),"거래처는 은행에서 내준 통장(증서․전자통장을 포함한다. 이하 같다.) 또는 수표․어음 용지로 거래하여야 한다. 그러나 입금할 때, 자동이체약정․전산통신기기이용약정에 따라 거래하는 경우 및 기등록된 생체정보(이하“바이오정보”), 실명확인증표 등을 통해 본인확 인된 경우에는 통장 없이(이하“무통장”)도 거래할 수 있다."
우리은행,예금,예금거래기본약관,제5조,"(인감, 비밀번호 등의 신고)","① 거래처는 거래를 시작할 때 인감 또는 서명, 비밀번호, 성명, 상호, 대표자명, 대리인 명, 주소 등 거래에 필요한 사항을 신고하여야 한다. 다만, 비밀번호는 비밀번호 입력기(이하 “PIN-Pad기”라 한다)에 의하여 거래처가 직접 등록할 수 있으며, 거래처가 은행에 내점할 수 없는 경우 거래처는 개설된 예금의 첫거래 전에 은행이 정한 방법
에 따라 전산통신기기를 이용하여 비밀번호를 등록하여야 한다.
② 제1항에 불구하고 거치식․적립식 예금은 비밀번호를 신고하지 않을 수 있다.
③ 거래처는 인감과 서명을 함께 신고하거나, 인감 또는 서명을 추가 신고할 수 있다.
*이 약관은 금융소비자보호에 관한 법률 등 관련 법령 및 당행의 내부통제기준에 따른 절차를 거쳐 제공됩니다. - 1 -

④ 통장을 발행하지 않는 경우, 은행은 거래처로부터 인감 또는 서명의 신고 절차를 생략할 수 있다."
우리은행,예금,예금거래기본약관,제6조,(입 금),"① 거래처는 현금이나 즉시 추심할 수 있는 수표․어음, 기타 증권(이하 “증권”이라 한
다) 등으로 입금할 수 있다.
② 거래처는 현금이나 증권으로 계좌송금(거래처가 개설점 이외에서 자기계좌에 입금하 거나, 제3자가 개설점 또는 다른 영업점이나, 다른 금융기관에서 거래처 계좌에 입금 하는 것)하거나, 계좌이체(다른 계좌에서 거래처계좌에 입금하는 것)할 수 있다.
③ 증권으로 입금할 때 입금인은 증권의 백지보충이나 배서 또는 영수기명날인 등 필요한 절차를 밟아야 하며, 은행은 백지보충 등의 의무를 지지 않는다.
④ 입금하는 증권이 수표나 어음일 때 은행은 소정금액란에 적힌 금액으로 처리한다."
우리은행,예금,예금거래기본약관,제7조,(예금이 되는 시기),"① 제6조에 따라 입금한 경우 다음 각호의 시기에 예금이 된다.
1. 현금으로 입금한 경우 : 은행이 이를 받아 확인하였을 때
2. 현금으로 계좌송금하거나 계좌이체한 경우 : 예금원장에 입금의 기록이 된 때
3. 증권으로 입금하거나 계좌송금한 경우 : 은행이 그 증권을 교환에 돌려 부도반환 시한이 지나고 결제를 확인한 때. 다만, 개설점에서 지급하여야 할 증권은 그날 안에 결제를 확인한 때
② 제1항제3호에도 불구하고 증권이 자기앞수표이고 지급제시기간 안에, 사고신고가 없으며 결제될 것이 틀림없음을 은행이 확인하였을 때에는 예금원장에 입금의 기록이
된 때 예금이 된다.
③ 은행은 특별한 사정이 없는 한 제1항 및 제2항의 확인 또는 기록처리를 신속히 하여
야 한다."
우리은행,예금,예금거래기본약관,제8조,(증권의 부도),"① 제6조제1항에 따라 입금한 증권이 지급거절되었을 때는 은행은 그 금액을 예금원장에
서 뺀 뒤, 거래처(무통장입금일 때는 입금의뢰인)가 신고한 연락처로 그 사실을 알린
다. 다만, 통화불능 등 부득이한 사유로 그 사실을 알릴 수 없는 경우에는 그러하지 아니하다.
② 은행은 지급거절된 증권을 그 권리보전절차를 거치지 아니하고, 입금한 영업점에서 거래처(무통장입금일 때는 입금의뢰인)가 반환청구할 때 돌려준다. 다만, 증권 발행인
이 지급거절한 날의 다음 영업일까지 증권을 입금할 예금계좌에 해당자금을 현금이나 즉시 현금으로 바꿀 수 있는 증권으로 입금했을 때는 발행인에게 돌려줄 수 있다.
*이 약관은 금융소비자보호에 관한 법률 등 관련 법령 및 당행의 내부통제기준에 따른 절차를 거쳐 제공됩니다. - 2 -"
우리은행,예금,예금거래기본약관,제9조,(이 자),"① 이자는 원을 단위로, 약정한 예치기간 또는 제7조에 따라 예금이 된 날(자기앞수표․ 가계수표는 입금일)부터 지급일 전날까지의 기간에 대하여 은행이 정한 이율로 셈한다.
② 은행은 예금종류별 예금이율표를 영업점 및 인터넷 홈페이지에 비치․게시하고, 이율
을 바꾼 때는 그 바꾼 내용을 영업점 및 인터넷 홈페이지에 1개월 동안 게시한다.
③ 제2항에 따라 이율을 바꾼 때에는, 입출금이 자유로운 예금은 바꾼 날로부터 바꾼 이율을 적용하며, 거치식․적립식 예금은 계약당시의 이율을 적용함을 원칙으로 하되, 변동금리가 적용되는 예금은 바꾼 날로부터 바꾼 이율을 적용한다.
④ 변동이율을 적용하는 거치식․적립식 예금은 최초 거래시 이율적용방법을 통장, 전산 통신기기 등으로 표시하며, 변동이율을 적용하는 적립식예금은 이율을 바꾼 때마다 바뀐 이율을 통장에 기록하거나 전산통신기기 등으로 안내한다.
⑤ 거래처가 실제 받는 이자는 제1항에 따라 셈한 이자에서 소득세법 등 관계법령에 따
라 원천징수한 세액을 뺀 금액이다.
제9조의2(휴면예금 및 출연)
① 은행은 예금이 다음 각 호에 해당할 때에는 예금채권의 소멸시효가 완성된 것(이하 “휴면예금”이라 한다)으로 본다.
1. 입출금이 자유로운 예금은 이자지급을 포함한 최종거래일로부터 5년 이상 경과한 예금
2. 거치식, 적립식 예금은 만기일 또는 이자지급을 포함한 최종거래일로부터 5년 이
상 경과한 예금
② 제1항에 따른 휴면예금은 「서민의 금융생활 지원에 관한 법률」 제40조 따라 “서민금 융진흥원”으로 출연될 수 있으며, 원권리자는 출연된 휴면예금을 동법 제45조에 따라 지급청구 할 수 있습니다.
③ 예금계약은 예금이 제1항 각호에 따라 휴면예금에 해당하게 된 시점에 자동 종료하 며, 해당 계좌는 더 이상 이용이 불가하다. 잔액이 0원으로 된 예금이 제1항 각호에 해당하게 된 경우도 같다."
우리은행,예금,예금거래기본약관,제10조,(지급․해지청구),"① 거래처가 예금․이자를 찾거나 예금계약을 해지하고자 할 때에는 신고한 비밀번호 등필요사항을 기재하거나 PIN-Pad기에 입력하고, 거래인감을 날인하거나 서명감과 일치되게 서명한 지급 또는 해지청구서를 제출하여야 한다.
② 거래처가 무통장으로 거래하고 실명확인증표 등에 의해 본인확인된 경우, 은행이 정하는 바에 따라 제①항에 따른 절차의 전부 또는 일부를 생략할 수 있다.
③ 거래처가 자동이체․전산통신기기․바이오정보 등을 이용하여 찾을 때는 그 약정에서 정한 바에 따른다.
*이 약관은 금융소비자보호에 관한 법률 등 관련 법령 및 당행의 내부통제기준에 따른 절차를 거쳐 제공됩니다. - 3 -"
우리은행,예금,예금거래기본약관,제11조,(금융사고자금 지급정지),"① 은행은 “금융사고예방을 위한 공동협약”(이하 “협약”이라 한다) 및 “금융사고 예방을 위한 공동협약 시행세칙(이하 “세칙”이라 한다)에서 정하는 금융사고(이하 “금융사고”
라 한다)로 인한 사고자금이 이체된 거래처의 계좌(이하 “사고계좌”라 한다)에 대하여 금융사고가 발생한 금융기관의 요청이 있는 경우 지체 없이 지급정지를 취한다.
② 제1항의 지급정지 금액은 금융사고로 인해 이체된 금액 이내로 한다.
③ 제1항의 지급정지기간은 지급정지한 날로부터 10영업일 이내로 한다. 다만, 지급정지
를 요청한 금융기관의 신청으로 법원에 의한 결정문 송달이 이루어진 경우에는 그러 하지 아니하며, 법원의 결정문 송달이 지연되어 지급정지를 요청한 금융기관이 관련 증빙서류를 첨부하여 서면으로 지급정지기간의 연장을 요청하는 경우 은행은 10영업
일 이내에서 연장할 수 있다.
④ 은행이 제1항의 지급정지를 한 때에는 지체 없이 거래처에 지급정지 사실과 이의신청 절차를 유선 또는 이와 상응하는 방법으로 통지하여야 하며, 거래처가 이의를 신청한 때에는 은행이 정한 민원처리절차에 의하여 처리한다.
⑤ 거래처가 지급을 청구하는 경우에는 금융사고에 의해 이체된 자금을 제외하고 지급한다.
⑥ 은행은 금융사고와 관련한 사항이 해소된 경우 지체 없이 지급정지를 해지하여야 한다.
⑦ 은행은 거래처의 계좌에서 금융사고로 인한 사고자금이 다른 금융기관에 이체된 경우 사고발생을 인지한 날로부터 10일 이내에 그 다른 금융기관에 대하여 지급정지를 요청할 수 있다.
⑧ 이 조의 금융사고자금 지급정지와 관련하여 이 조에서 정하지 아니한 사항은 제1항의 협약 및 세칙에서 정하는 바에 따른다."
우리은행,예금,예금거래기본약관,제12조,(고객확인 및 검증 등),"① 『특정 금융거래정보의 보고 및 이용 등에 관한 법률』과 『공중 등 협박목적 및 대량살 상무기확산을 위한 자금조달행위의 금지에 관한 법률』에 따라 은행은 고객확인 및 검증을 위하여 다음 각 호의 정보 및 자료를 요구하며, 이를 거부하거나 확인·검증이 충분히 이루어지지 않을 경우 요청한 금융거래가 지연되거나 거절된다.
1. 개인항 목 정 보 자 료신원 성명, 실명번호, 국적, 주소(거소), 실명확인증표(주민등록증/운전면허증/여권 등), 정보 연락처 등 행정정보문서(주민등록등본 등) 직장 직장명, 업종, 직장주소 등 직장정보 문서(재직증명서 등) 정보 추가 추가정보 확인이 가능한 자료 거래목적, 자금원천, 재산현황 등정보 (부동산계약서, 공과금 고지서 등)
※ 실제소유자가 다른 경우 추가 서류 요구될 수 있다.
*이 약관은 금융소비자보호에 관한 법률 등 관련 법령 및 당행의 내부통제기준에 따른 절차를 거쳐 제공됩니다. - 4 -

2. 법인(단체) 항 목 정 보 자 료법인(단체)명, 실명번호, 주소, 연락처, 실명확인증표(사업자등록증 등), 신원 대표자 정보, 업종, 설립목적, 대표자 신원정보문서, 법인(단체) 확인문서(법인등 정보 실제소유자(주요 주주 및 임원) 정보 등 기부등본/정관 등), 주주명부 추가 회사 경영정보, 거래목적, 자금원천, 기타 추가정보 확인이 가능한 자료 정보 기부관련 정보 등 (전자세금계산서, 각종 인허가서 등)
② 『특정 금융거래정보의 보고 및 이용 등에 관한 법률』에서 정의한 가상자산사업자는 은행에 가상자산사업자임을 고지하여야 하며, 고지하지 않아 고객확인 및 검증이 충분히 이루어지지 않을 경우 금융거래가 거절되거나 종료된다.
③ 『공중 등 협박목적 및 대량살상무기확산을 위한 자금조달행위의 금지에 관한 법률』에 의거 금융거래 제한대상자로 지정되어 고시된 자, UN에서 지정하는 제재대상자, 국제 사회 또는 해외지점 소재 국가의 정부에서 발표한 금융거래제한 대상자에 대하여는 금융거래가 제한되거나 거절된다."
우리은행,예금,예금거래기본약관,제13조,(지급시기),"① 입출금이 자유로운 예금은 거래처가 찾을 때 지급한다. 이 경우 기업자유예금은 먼저 예금한 금액부터 지급한다.
② 거치식․적립식 예금은 만기일 이후 거래처가 찾을 때 지급한다."
우리은행,예금,예금거래기본약관,제14조,(양도 및 질권설정),"① 거래처가 예금을 양도하거나 질권설정하려면 사전에 은행에 통지하고 동의를 받아야 한다. 다만, 법령에 의하여 금지되는 경우에는 양도나 질권설정을 할 수 없다.
② 입출금이 자유로운 예금은 질권설정할 수 없다."
우리은행,예금,예금거래기본약관,제15조,(사고․변경사항의 신고),"① 거래처는 통장․도장․카드 또는 증권이나 그 용지를 분실․도난․멸실․훼손했을 때
는 곧 서면으로 신고하여야 한다. 다만, 긴급하거나 부득이 할 때는 영업시간 중에 전화 등으로 신고할 수 있으며 이 때는 다음 영업일 안에 서면신고하여야 한다.
② 거래처는 인감 또는 서명, 비밀번호, 성명, 상호, 대표자명, 대리인명, 주소, 전화번호 기타 신고사항을 바꿀 때에는 서면으로 신고하여야 한다. 다만, 비밀번호는 서면신고 없이 전산통신기기를 이용하여 바꿀 수 있으며, 이 경우 계좌번호, 주민등록번호, 비밀번호 등 은행이 정한 요건이 맞으면 은행은 새로운 비밀번호로 변경처리한다.
③ 거래처는 주소, 전화번호 등의 일부 신고사항에 대하여는 은행이 정한 방법에 따라 전산통신기기를 이용하여 변경할 수 있다.
*이 약관은 금융소비자보호에 관한 법률 등 관련 법령 및 당행의 내부통제기준에 따른 절차를 거쳐 제공됩니다. - 5 -

④ 제1항 및 제2항의 신고는 은행이 이를 접수한 뒤 전산입력 등 필요한 조치를 하는데 걸리는 합리적인 시간이 지나면 그 효력이 생기며 전산장애 등 불가항력적인 사유로 처리하지 못한 때는 복구 등 사유해제시 즉시 처리하여야 한다.
⑤ 제1항의 신고를 철회한 때는 거래처 본인이 서면 또는 전산통신기기 등으로 하여야 한다."
우리은행,예금,예금거래기본약관,제16조,"(통장, 카드의 재발급 등)","제15조에 따라 통장․도장․카드에 대한 사고신고가 있을 때에는 은행은 신고인이 거래
처 본인임을 확인하는 등 필요한 조치를 마친 뒤에 재발급하거나 지급한다."
우리은행,예금,예금거래기본약관,제17조,(통지방법 및 효력),"① 은행은 오류의 정정 등 예금거래에서 발생하는 일반적 사항을 통보하는 경우에는 거래처가 신고한 연락처로 전화통보할 수 있다. 이 때, 통화자가 거래처 본인이 아닌 경우, 그 통화자가 은행의 통지내용을 이해하고 이를 거래처에 전달할 것이라고 믿을 충분한 이유가 있는 때에는 거래처에 정당하게 통보한 것으로 본다.
② 은행이 예금거래에서 발생하는 일반적 사항을 서면으로 통지했을 때는 천재지변 등불가항력적인 경우 외에는 보통의 우송기간이 지났을 때 도달한 것으로 본다.
③ 은행은 예금계약의 임의해지 등 중요한 의사표시를 하는 때에는 서면으로 하여야 하
며 그 통지가 거래처에 도달되어야 의사표시의 효력이 생긴다. 다만, 관계법령 또는 어음교환소규약 등에 의하여 예금계약을 해지한 경우나 거래처가 제15조에 의한 변경 신고를 게을리하여 도달되지 않은 때에는 그러하지 아니하다."
우리은행,예금,예금거래기본약관,제18조,(면 책),"① 은행은 예금지급청구서, 증권 또는 신고서 등에 찍힌 인영(또는 서명)을 신고한 인감 (또는 서명감)과 육안으로 주의 깊게 비교․대조하여 틀림없다고 여기고, 예금지급청 구서 등에 적힌 비밀번호나 PIN-Pad기를 이용하여 입력된 비밀번호가 신고 또는 등록한 것과 같아서 예금을 지급하였거나 기타 거래처가 요구하는 업무를 처리하였을 때에는 인감이나 서명의 위조․변조 또는 도용이나 그밖의 다른 사고로 인하여 거래 처에 손해가 생겨도 그 책임을 지지 않는다. 다만, 은행이 거래처의 인감이나 서명의 위조․변조 또는 도용 사실을 알았거나 알 수 있었을 때는 그러하지 아니하다.
② 전산통신기기 등을 이용하거나 거래정보 등의 제공 및 금융거래명세 등의 통보와 관련하여 은행이 책임질 수 없는 사유로 계좌번호, 비밀번호 등의 금융정보가 새어나가 거래처에 손해가 생겨도 은행은 그 책임을 지지 않는다.
③ 은행이 거래처의 실명확인증표 등으로 주의 깊게 본인확인하여 예금을 지급하였거나 기타 거래처가 요구하는 업무를 처리하였을 때에는 위조․변조 또는 도용이나 그밖의 다른 사고로 인하여 거래처에 손해가 생겨도 그 책임을 지지 않는다. 다만, 은행의 고 *이 약관은 금융소비자보호에 관한 법률 등 관련 법령 및 당행의 내부통제기준에 따른 절차를 거쳐 제공됩니다. - 6 -

의 또는 과실로 인한 귀책사유가 있는 경우 은행은 그 책임의 일부 또는 전부를 부담 한다.
④ 은행이 주민등록증 등 실명확인증표로 주의 깊게 실명확인하거나 실명전환한 계좌는 거래처가 실명확인증표 또는 서류의 위조․변조․도용 등을 한 경우, 이로 인하여 거래 처에 손해가 생겨도 은행은 그 책임을 지지 않는다.
⑤ 거래처가 제15조제1항, 제2항, 제4항의 신고나 절차를 미루어 생긴 손해에 대해 은행
은 그 책임을 지지 않는다. 다만, 이 경우에도 은행은 거래처에 손해가 발생하지 않도
록 선량한 관리자로서의 주의를 다하여야 한다."
우리은행,예금,예금거래기본약관,제19조,(수수료),"① 거래처가 개설점 아닌 다른 영업점이나 다른 금융기관 또는 전산통신기기 등을 통해 거래할 때 은행은 온라인수수료나 추심수수료 등을 받을 수 있다.
② 은행은 제1항의 경우 외에도 거래처가 자기앞수표 발행 등을 원하거나 거래처 잘못으
로 통장재발행 등을 요청하는 경우 그 사무처리와 관련하여 수수료를 받을 수 있다.
③ 제1항, 제2항과 관련한 수수료표는 영업점 및 인터넷 홈페이지에 게시한다."
우리은행,예금,예금거래기본약관,제20조,(오류처리 등),"① 은행이 예금원장이나 통장거래내용을 사실과 다르게 처리하였을 때에는 이를 확인하
여 바르게 고치고 그 사실을 거래처에 통지하여야 한다.
② 거래처는 거래를 마친 때 그 내용이 맞는가를 확인하고, 거래내용이 사실과 다를 때에는 바르게 고칠 것을 요구할 수 있으며, 은행은 그 사실을 확인하고 바르게 처리하 여야 한다."
우리은행,예금,예금거래기본약관,제21조,(예금의 비밀보장),"① 은행은 금융실명거래및비밀보장에관한법률 등 법령에서 정한 경우를 제외하고는 거래 처의 거래내용에 대한 자료나 정보를 남에게 제공하지 않는다.
②은행은 거래처가 전산통신기기 등으로 무통장입금(송금 포함), 예금잔액 등에 관한 거래정보의 제공을 요청한 때에는 명의인․계좌번호․비밀번호(자동응답서비스(ARS)
는 계좌번호․비밀번호)가 맞으면 그 요청자를 본인으로 여겨 입금(송금)을 하고 입금 인, 입금액, 예금잔액 등에 관한 정보를 제공할 수 있으며, 이로 인하여 금융거래 정보누설 등으로 거래처에 손해가 생겨도 그 책임을 지지 않는다."
우리은행,예금,예금거래기본약관,제22조,(약관의 변경),"① 은행이 이 약관이나 입출금이자유로운예금약관,거치식·적립식예금약관(이하 총칭하여 본조에서 “약관등”이라 한다)을 변경하고자 하는 경우에는 변경되는 약관등의 시행 1개월 전에 그 내용을 영업점과 인터넷 홈페이지에 게시하여 거래처에 알린다.
*이 약관은 금융소비자보호에 관한 법률 등 관련 법령 및 당행의 내부통제기준에 따른 절차를 거쳐 제공됩니다. - 7 -

다만, 다음 각 호의 어느 하나에 해당하는 경우에는 변경된 약관등을 즉시 게시 또는 공고하여야 한다.
1. 법령의 개정, 제도의 개선 또는 관련 법령에 의한 약관변경권고(명령)로 인하여 긴급히 약관등을 변경한 경우
2. 약관등의 개정이 거래처에 유리한 경우
3. 변경 전 내용이 기존 거래처에 그대로 적용되는 경우
4. 기존 약관등의 내용이 실질적으로 변경되지 않는 단순한 문구 변경의 경우
② 은행은 약관등을 변경하는 경우 제1항에 따른 게시와는 별도로 변경되는 약관등의 시행일 1개월 전에 거래처에 변경 내용(신‧구조문대비표 포함)을 다음 각 호 중 1개(거래 처에 불리한 변경인 경우에는 3개) 이상의 방법으로 알리되, 제1호 내지 제3호의 방법이 포함되어야 한다. 다만, 전항 각 호의 어느 하나에 해당하는 경우에는 즉시 거래 처에 알린다.
1. 거래처가 신고한 정보에 따른 우편 또는 전자우편(E-mail)에 의한 통지
2. 거래처가 신고한 휴대전화 문자메시지(SMS, MMS) 또는 이에 준하는 거래처가 사전 동의한 전자적 의사표시에 의한 통지
3. 거래처와 약정한 별도의 전자기기(앱푸쉬 등)에 의한 통지
4. 거래통장에 표기
5. 현금자동지급기/현금자동입출금기설치장소에 게시 (이 경우 큰 문자를 사용하고 알아보기 쉬운 위치에 게시한다)
6. 인터넷뱅킹 및 모바일뱅킹 초기화면에 게시
③ 제2항에도 불구하고, 내용의 실질적 변경을 수반하지 않는 오탈자나 자구 수정 등 단순한 문구 변경인 경우는 제2항을 적용하지 아니한다.
④ 제1항의 게시 또는 제2항의 통지를 할 경우 “예금주가 변경에 동의하지 아니한 경우 제1항의 게시일 또는 제2항의 통지를 받은 날로부터 1개월 이내에 계약을 해지할 수있으며, 계약해지의 의사표시를 하지 아니한 경우에는 변경에 동의한 것으로 본다” 라는 취지의 내용을 함께 게시 또는 통지한다.
⑤ 제4항의 게시일 또는 통지를 받은 날로부터 1개월 이내에 계약해지의 의사표시가 도달하지 않으면 거래처가 변경에 동의한 것으로 본다."
우리은행,예금,예금거래기본약관,제23조,(약관적용의 순서),"① 은행과 거래처 사이에 개별적으로 합의한 사항이 약관조항과 다를 때에는 그 합의사 항을 약관에 우선하여 적용한다.
② 이 약관에 정한 사항과 입출금이 자유로운 예금약관 또는 거치식․적립식 예금약관에
서 정한 사항이 다를 때는 입출금이 자유로운 예금 약관이나 거치식․적립식 예금약 관을 먼저 적용한다.
*이 약관은 금융소비자보호에 관한 법률 등 관련 법령 및 당행의 내부통제기준에 따른 절차를 거쳐 제공됩니다- .8 -"
우리은행,예금,예금거래기본약관,제24조,(기 타),"이 약관과 입출금이 자유로운 예금약관 또는 거치식․적립식 예금약관에서 정하지 않은 사항은 따로 약정이 없으면 관계법령, 어음교환소규약을 적용한다."
우리은행,예금,예금거래기본약관,제25조,(이의제기),거래처는 은행거래와 관련 하여 이의가 있을 때 거래 은행의 분쟁처리기구에 해결을 요구하거나 금융분쟁조정위원회 등을 통해 분쟁조정을 신청할 수 있다.
우리은행,예금,예금거래기본약관,제26조,(위법계약의 해지),"금융소비자는 「금융소비자보호에 관한 법률」 제47조 및 관련 규정이 정하는 바에 따라 서면 등으로 해당 계약의 해지를 요구할 수 있다.
[변경사항] 기가입고객 변경일 주요 내용 관련조항 적용여부 ○ 비밀번호 유출방지를 위한 제도 도입 ○ 약관변경시 대고객 공시의무 강화와 계약해지권 부여 제5,9,10,11,
2004.01.01 적용 ○ 예금이자율 변동에 대한 공시 강화 13,16,19, 20조 ○ 고객의 금융거래정보 변경신고 방법 개선
2008.02.11 ○ 금융사고자금 지급정지 제11조 적용 ○ 고객확인제도 강화로 실제소유자에 관한 사항 확인
2016.07.25 ○ 면책 조항 內 전자어음 등 전자적 정보의 형태로 제12,18조 적용 제시된 사항 추가
2016.12.30 ○ 휴면예금의 정의 및 출연 제9조의2 적용 ○ 생체정보(바이오정보) 활용한 거래 가능 제4,5,9,9조의2,10,
2021.02.15 ○ 약관의 변경시 안내수단 추가 12,13,15,18, 적용 (휴대전화, 별도의 전자 기기 등) 19,22조
2021.03.25 ○ 위법계약의 해지 제26조 적용
2022.05.16 ○ 고객의 작위․부작위에 대한 의사표시 간주 조항 제22조 적용
2023.04.19 ○ 약관의 변경 통지 및 수단 등 제22조 적용
2025.01.17 ○ 약관의 변경 통지 등 제22조 적용 *이 약관은 금융소비자보호에 관한 법률 등 관련 법령 및 당행의 내부통제기준에 따른 절차를 거쳐 제공됩니다. - 9 -"
우리은행,예금,입출금이 자유로운 예금 약관,제1조,적용범위,"① 입출금이 자유로운 예금(이하 ‘이 예금’이라 한다)이란 예치기간을 정하지 아니하고 자유 로이 입출금하는 예금을 말한다.
② 이 약관에서 정하지 아니한 사항은 예금거래기본약관의 규정을 적용한다."
우리은행,예금,입출금이 자유로운 예금 약관,제2조,이자,"① 이 약관의 적용을 받는 예금 중 다음 예금의 이자는 해당 기준일에 셈하여 익일(이하 ‘원가일’이라 한다)에 원금에 더한다. 다만, 당좌예금과 가계당좌예금은 이자를 붙이지 아니하며, 그 외의 다른예금의 경우에도 은행이 정한 일정한 기준에 해당하는 경우에
는 이자를 붙이지 않는다.
1. 보통예금, 저축예금, 기업자유예금 : 매년 3월, 6월, 9월, 12월의 제3금요일
② 제①항의 예금이자는 최초 예금일 또는 원가일부터 원가일 또는 지급일 전날까지의 기간을 이자계산 기간으로 하고, 매일 최종잔액에 대하여 영업점에 게시한 금액별 이율로 이자를 셈한다.
③ 예금의 이자는 제1항에 따른 이자지급을 제외한 최종거래일로부터 5년까지는 제1항 및제2항에서 정한 방식으로 지급하고, 5년이 경과한 날부터는 이자를 원금에 더하지 않고, 계좌해지 또는 추가 입출금거래 발생일에 일괄 계산하여 지급할 수 있다."
우리은행,예금,입출금이 자유로운 예금 약관,제3조,거래중지계좌,"은행은 이 예금이 다음 각호의 1에 해당할 때에는 거래중지계좌로 따로 관리하여 입출금, 잔액조회, 이관 등의 거래를 제한할 수 있다. 다만, 거래처가 위 계좌로 입출금, 잔액조회, 이관 등을 은행창구에서 서면으로 신청한 때 은행은 금융거래목적확인서 등 서류를 징구하여 금융거래 목적을 확인 후 거래재개에 필요한 조치를 취하여야 한다.
1. 예금잔액이 10,000원 미만이며, 1년이상 입출금 거래가 없는 계좌
2. 예금잔액이 10,000원 이상 50,000원 미만이며, 2년이상 입출금 거래가 없는 계좌
3. 예금잔액이 50,000원 이상 100,000원 미만이며, 3년이상 입출금 거래가 없는 계좌"
우리은행,예금,입출금이 자유로운 예금 약관,제4조,은행제공 수표․어음용지에 의한 거래 및 어음발행내역 등록,"① 거래처는 은행이 내어준 수표, 어음용지로 거래하여야 하며, 1,000만원 이상의 어음을 발행하였을 경우 발행내역(발행일, 지급기일, 발행금액 등)을 금융결제원의 어음발행 관련 네트워크에 등록하여야 한다.
＊ 이 약관은 금융소비자보호에 관한 법률 등 관련 법령 및 당행의 내부통제기준에 따른 절차를 거쳐 제공됩니다. - 1 -

② 제①항의 용지는 거래처가 요청할 때 은행이 내어준다. 다만, 거래처가 요청한 양이 많다고 판단될 때에는 이를 필요하다고 인정되는 양으로 제한할 수 있다."
우리은행,예금,입출금이 자유로운 예금 약관,제5조,거래제한,"① 가계당좌예금은 모든 금융기관을 통하여 1인 1계좌에 한한다.
② 거래처는 제4조 제①항의 규정에 따라 교부받은 가계수표용지에 인쇄된 발행한도금액 이내로 발행하여야 하며 은행은 발행한도를 넘는 수표에 대하여는 지급하지 않는다.
다만, 거래처가 은행(다른 은행 포함)과 직접거래할 때에는 발행한도액을 초과하여 발행할
수 있다.
③ 통장이 ‘전기통신금융사기 피해 방지 및 피해금 환급에 관한 특별법’에서 정의한 사기이용계좌로 사용될 경우, 통장명의인에 대한 계좌개설 및 현금카드 발급, 해당 통장의 인출·이체한도 축소 등 금융거래를 제한할 수 있다.
④ 6개월 이상 장기 미사용계좌에 대한 통장 재발행 요청 시 은행은 금융거래목적확인서
등 서류를 징구하여 금융거래 목적을 확인 후 거래재개에 필요한 조치를 취하여야 한다."
우리은행,예금,입출금이 자유로운 예금 약관,제6조,수표․어음금 지급과 지급위탁 취소,"① 은행은 제4조 제①항에 따라 내어준 수표나 어음에 적힌 금액을 거래처에서 지급위탁 받아 그 제시인에게 지급한다.
② 은행은 수표나 어음이 지급제시 기간 안에 제시된 때에만 지급한다. 다만, 수표는 지급 제시 기간이 지난 뒤에도 지급할 수 있다
③ 거래처가 이미 발행한 수표나 어음의 지급위탁을 취소할 때에는 은행이 마련한 서식으
로 신청하여야 하고 어음교환업무규약에 따라 수표나 어음에 적힌 금액을 담보금으로 예치하여야 한다."
우리은행,예금,입출금이 자유로운 예금 약관,제7조,지급특례,"① 제6조 제①항의 규정에 불구하고 거래처가 은행에 이행하여야 할 다음의 채무가 있을 때에는 은행은 수표나 지급청구서 없이 해당예금에서 지급하거나 대체결제할 수 있다.
1. 각종 이자, 보증료, 수수료
2. 수입어음 원금, 수출어음 부도대전
3. 어음교환업무규약에 따른 제재금
4. 콜자금 결제통지서나 콜자금 상환영수증으로 청구 받은 금액"
우리은행,예금,입출금이 자유로운 예금 약관,제8조,지급자금 부족시의 처리,"같은 날 거래처의 지급자금을 초과하는 수표나 어음의 지급 또는 그밖의 채무이행의 청구
가 있는 경우 은행은 거래처의 의사를 확인하였을 때에는 그 의사에 따라 처리하고 의사를
＊ 이 약관은 금융소비자보호에 관한 법률 등 관련 법령 및 당행의 내부통제기준에 따른 절차를 거쳐 제공됩니다. - 2 -

확인할 수 없는 때에는 은행이 판단하여 처리한다."
우리은행,예금,입출금이 자유로운 예금 약관,제9조,초과지급 및 일부지급의 거절,"① 은행은 당좌예금․가계당좌예금의 지급자금(대출한도 포함)을 초과하는 수표나 어음금은 지급하지 않는다.
② 은행은 수표나 어음에 적힌 금액의 일부에 대하여 지급청구하는 경우에는 지급하지 아니 한다."
우리은행,예금,입출금이 자유로운 예금 약관,제10조,수표․어음금의 지급과 면책 등,"① 은행이 수표나 어음금을 지급함에 있어 다음 각호의 경우에 해당하는 때에는 거래처에 손해가 생겨도 은행은 책임을 지지 않는다. 다만, 제3호 및 제4호의 경우에는 어음․수 표의 지급사무를 함에 있어 요구되는 주의를 다하였어야 한다.
1. 발행일이 기재되지 아니한 수표, 발행일이나 수취인 또는 발행일 및 수취인이 기재되
지 아니한 어음을 지급했을 때
2. 달력에 없는 날짜를 발행일 또는 지급일로 기재한 수표․어음에 대하여 그 달 말일을 지급일로 하여 지급하였을 때(다만, 32 이상의 숫자를 만기일 또는 지급일로 한 때에는 그러하지 아니함)
3. 예금거래기본약관 제5조 제①항에 따라 신고된 거래인감이 틀림없다고 인정되는 도장
을 수표 뒷면에 찍은 횡선수표를 지급하였을 때
4. “지시금지”란 글자를 누구나 알아볼 수 있는 크기로 분명히 적지 않아 그 수표나 어음이 지시금지 수표 또는 어음인지 모르고 지급했을 때
② 제①항 제3호에 따라 지급함으로써 수표법상 횡선위반에 해당하여 제3자에게 손해배상 했을 때에는 은행은 그 금액을 거래처에게 상환청구할 수 있다."
우리은행,예금,입출금이 자유로운 예금 약관,제11조,대리인과의 거래,"① 거래처가 대리인을 통하여 거래하고자 할 때에는 수표․어음거래에 사용할 대리인 성명
과 인감을 신고하여야 한다.
② 은행은 제①항에 따라 신고된 대리인이 『신용정보관리규약의 “신용거래정보 중 연체정 보, 대위변제대지급정보, 부도정보, 관련인정보""와 금융질서문란정보 및 공공기록정보 대상자』에 해당하여 수표나 어음의 유통질서를 해칠만한 상당한 이유가 있을 때에는
그 사실을 거래처에 통보하고 이의 교체를 요청할 수 있다.
③ 거래처가 대리인을 통하여 수표나 어음을 발행할 때는 수표 또는 어음면에 거래처 본인
및 대리인의 성명을 적고 대리관계를 나타내는 표시를 하여야 하며 은행은 대리인 명의 만으로 발행한 수표나 어음을 지급거절할 수 있다.
＊ 이 약관은 금융소비자보호에 관한 법률 등 관련 법령 및 당행의 내부통제기준에 따른 절차를 거쳐 제공됩니다. - 3 -"
우리은행,예금,입출금이 자유로운 예금 약관,제12조,당좌․가계당좌예금 계약의 해지,"① 은행은 거래처가 관련법규나 규정을 위반하여 당좌거래 자격을 잃거나 이 약관의 중요 사항을 위반하여 은행과 당좌거래를 계속하는 것이 부적절하다고 판단될 때에는 미리 서면으로 통지하고 해당 예금계약을 해지할 수 있다.
② 은행은 거래처가 『신용정보관리규약의 “신용거래정보 중 연체정보, 대위변제대지급정 보, 부도정보, 관련인정보""와 금융질서문란정보 및 공공기록정보 대상자』로 등록되고, 은행이 정한 당좌. 가계당좌예금계약 해지사유에 해당할 때에는 이 예금을 해지하고 그사실을 거래처에 통지한다."
우리은행,예금,입출금이 자유로운 예금 약관,제13조,당좌․가계당좌예금 해지 후 처리,이 예금을 해지했을 때에는 해지전에 발행한 수표나 어음이 지급제시되더라도 은행은 지급 하지 않으며 거래처는 사용하지 않은 수표나 어음용지를 곧 개설점에 반환하여야 한다.
우리은행,예금,입출금이 자유로운 예금 약관,제14조,당좌예금거래보증금,"① 거래처는 은행이 따로 정한 당좌예금거래보증금(이하 ‘보증금’이라 한다)을 은행에 별단 예금으로 예치해야 한다.
② 은행이 제①항의 보증금액을 변경했거나 거래처가 개설점 변경 등으로 예치한 보증금이 부족할 경우 거래처는 그 차액을 추가로 예치하여야 하고, 남으면 은행은 그 차액을 거래처에게 돌려준다.
③ 이 예금을 해지했을 때 은행은 제①항의 보증금을 거래처가 은행에 갚아야 할 채무변제
로 충당한다.
④ 은행은 제③항의 절차를 마치고 보증금이 남았을 때에는 사용하지 않은 수표․어음용지
를 모두 회수한 뒤에 돌려준다. 다만, 이미 발행한 수표나 어음으로서 지급제시되지 않
은 것이 있을 때에는 부도처리수수료와 어음교환업무규약에서 정한 부도어음 제재금 만
큼 빼고 돌려준다.
⑤ 제④항 전단의 규정에도 불구하고 거래처가 수표나 어음용지를 회수할 수 없는 정당한 사유가 있으면 은행은 곧 보증금을 돌려준다.
※ 위 조항 중 밑줄 친 부분은 공정거래위원회의 표준약관과 상이합니다.
부 칙
이 약관은 2016년 12월 30일부터 적용한다.
＊ 이 약관은 금융소비자보호에 관한 법률 등 관련 법령 및 당행의 내부통제기준에 따른 절차를 거쳐 제공됩니다. - 4 -

[변경사항] 기가입고객 변경일 주요 내용 관련조항 적용여부 ○ 은행제공 수표•어음용지에 의한 거래 內
2003.11.10 제4조 적용 가계수표의 경우 명시 ○ 1천만원 이상 어음 발행시 발행인의 발행내역
2009.02.02 제4조 적용 등록 의무 ○ 사기이용계좌의 명의인에 대해 계좌개설 등의
2012.10.15 제5조 적용 금융거래 제한 근거 마련
2013.09.18 ○ 기업자유예금의 이자부분 삭제 제2조 적용
2016.12.30 ○ 휴면예금 출연을 위한 이자 지급방식 변경 제2조 적용
2024.03.29 ○ 거래제한 내 사기이용계좌 금융거래 제한 확대 제5조 적용
＊ 이 약관은 금융소비자보호에 관한 법률 등 관련 법령 및 당행의 내부통제기준에 따른 절차를 거쳐 제공됩니다. - 5 -"
우리은행,예금,주택청약예금 특약,제1조,약관의 적용,"주택청약예금(이하 ""이 예금""이라 한다)거래에는 이 특약과 『예금거래 기본약관』,『거치식예금약관』, 『주택법』 및 『주택공급에관한규칙』
을 적용한다."
우리은행,예금,주택청약예금 특약,제2조,거래대상,"이 예금의 거래 대상자는 주택청약예금 실시지역에 거주하는 성년의 국민
인 개인 또는 외국인 거주자로 한다. 다만, 미성년자로서 『주택공급에 관한규칙』에서 정한 세대주에 해당하는 경우에는 가능하다."
우리은행,예금,주택청약예금 특약,제3조,가입제한,"이 예금과 주택청약부금, 주택청약저축, 주택청약종합저축의 가입은 전금융기관을 통하여 1인 1계좌에 한한다."
우리은행,예금,주택청약예금 특약,제4조,예치금액,"이 예금의 예치금액은 『주택공급에관한규칙』에서 정한 각 지역별, 평형
별 해당 예치금액으로 한다."
우리은행,예금,주택청약예금 특약,제5조,예치기간,이 예금의 계약기간은 1년으로 한다.
우리은행,예금,주택청약예금 특약,제6조,재예치,"① 계약기간내에 민영주택 등의 입주자로 선정되지 아니한 계좌는 주택청 약자격의 계속성 유지를 위하여 만기일에 기존계좌를 해지하지 않고 원금만을 1년 단위로 자동회전 예치하는 것으로 한다.
② 압류 등 법적으로 가해진 지급제한이 있을 경우에는 재예치 할 수 없
다.
③ 재예치시는 재예치일 당시 영업점에 게시한 약정이율을 적용한다."
우리은행,예금,주택청약예금 특약,제7조,특별중도해지,"이 예금은 가입(또는 재예치)후 1개월이 경과하고, 다음 각호의 사유 중도해지하는 경우에는 은행이 정한 약정이율을 적용한다.
1. 당첨후 해지시
2. 예치금액 변경(평형변경, 지역변경)으로 인한 해지시
3. 사망에 의한 상속으로 1인 2계좌 이상이 되어 해지시"
우리은행,예금,주택청약예금 특약,제8조,명의변경,"이 예금은 다음 각호의 사유로 명의변경이 가능하다.
1. 가입자 사망에 의한 상속
2. 가입자의 개명"
우리은행,예금,주택청약예금 특약,제9조,계좌부활,"이 예금은 『주택공급에관한규칙』에서 정하는 바에 따라 계좌를 부활시
킬 수 있다."
우리은행,예금,주택청약예금 특약,제10조,기 타,"① 이 예금은 분할해지 할 수 없다.
② 이 예금은 타 금융기관 또는 제3자 담보제공을 위한 질권을 설정할
수 없다."
우리은행,예금,「주택청약저축」약관,제1조,약관의 적용,"① 주택청약저축(이하 ‘이 저축’이라 한다) 거래는 이 약관 및 예금거래기본약관, 적립식예금약관을 적용합니다.
② 제1항의 약관에서 정하지 않은 사항은「주택법」,「주택공급에 관한 규칙」, 「조세특례제한법」,「소득세법」및「국고금 관리법」 에서 정한 바에 따릅니다."
우리은행,예금,「주택청약저축」약관,제2조,가입대상,"① 이 저축의 가입대상은 법령에 따라 무주택세대구성원에 한합니다.
② 이 저축과 주택청약종합저축, 청약예금, 청약부금의 가입은 전 금융기관을 통하여 1인 1계좌에 한합니다."
우리은행,예금,「주택청약저축」약관,제3조,납입기간,이 저축의 납입기간은 가입한 날부터 국민주택등(분양전환되지 않는 임대주택은 제외)의 입주자로 선정된 날까지로 합니다.
우리은행,예금,「주택청약저축」약관,제4조,월 납입금,"가입자는 매월 약정한 날짜에 「주택공급에 관한 규칙」에서 정한
월 저축금을 입금해야 합니다."
우리은행,예금,「주택청약저축」약관,제5조,이자 등,"① 이 저축의 이자는 입금한 월 납입금에 대하여 입금일부터 해지일 전일까지의 실예치일수에 관계 법령에서 정하는 이율을 적용하여 원금과 함께 지급합니다. 다만, 가입일부터 1월 이내에 이 저축을 해지하는 경우에는 이자를 지급하지 아니합니다.
② 이 저축은 만기가 없는 상품으로서 중도해지이율 및 만기후이율
은 적용하지 않습니다."
우리은행,예금,「주택청약저축」약관,제6조,지급시기,이 저축의 원금 및 이자는 가입자가 이 저축을 해지할 때 일시에 지급합니다.
우리은행,예금,「주택청약저축」약관,제7조,계좌부활,이 저축을 사용하여 당첨자로 선정되어 해약한 자가 사업주체의 파산으로 당해 주택에 입주할 수 없게 될 경우 등「주택공급에 관한 규칙」에서 정한 부활사유에 해당하는 경우 동 계좌를 부활할 수 있습니다.
우리은행,예금,「주택청약저축」약관,제8조,소득공제,이 저축은 소득공제 가능한 상품으로「조세특례제한법」제87조에서 정한 요건에 해당하는 경우 소득공제 받으실 수 있습니다.
우리은행,예금,「주택청약저축」약관,제9조,양도 및 질권설정,"이 저축은 양도하거나 제3자 담보제공을 위한 질권설정을 할 수없습니다.

변 경 사 항기존 가입고객 변경일 내 용 관련조항 적용여부
2024.11.1 월 납입금 변경 제4조 Y"
우리은행,예금,「주택청약종합저축」약관,제1조,약관의 적용,"① 주택청약종합저축(이하 ‘이 저축’이라 한다) 거래는 이 약관 및예금거래기본약관, 적립식예금약관을 적용합니다.
② 제1항의 약관에서 정하지 않은 사항은「주택법」,「주택공급에 관한 규칙」, 「조세특례제한법」,「소득세법」및「국고금 관리법」 에서 정한 바에 따릅니다."
우리은행,예금,「주택청약종합저축」약관,제2조,가입대상,"① 이 저축의 가입대상은 국민인 개인(국내에 거주하는 재외동포 포함)이나 외국인 거주자로서 연령에 제한없이 가입이 가능합니다.
② 이 저축의 가입은 청약저축, 청약예금, 청약부금을 포함하여 전금융기관 1인 1계좌에 한합니다."
우리은행,예금,「주택청약종합저축」약관,제3조,납입기간,이 저축의 납입기간은 가입한 날부터 국민주택(분양전환되지 않는 임대주택은 제외)과 민영주택의 입주자로 선정된 날까지로 합니다.
우리은행,예금,「주택청약종합저축」약관,제4조,월 납입금,"이 저축의 월 납입금은 매월 약정납입일에 2만원 이상 50만원 이하
로 합니다. 다만, 월 납입금의 총액이「주택공급에 관한 규칙」에서 정한 민영주택 청약 예치기준금액의 최대한도인 1,500만원에 이를 때까지는 50만원을 초과하여 납입할 수 있습니다."
우리은행,예금,「주택청약종합저축」약관,제5조,이자 등,"① 이 저축의 이자는 입금한 월 납입금에 대하여 입금일부터 해지일 전일까지의 실예치일수에 관계 법령에서 정하는 이율을 적용하여 원금과 함께 지급합니다. 다만, 가입일부터 1월 이내에 이 저축을 해지하는 경우에는 이자를 지급하지 아니합니다.
② 이 저축은 만기가 없는 상품으로서 중도해지이율 및 만기후이율
은 적용하지 않습니다."
우리은행,예금,「주택청약종합저축」약관,제6조,지급시기,이 저축의 원금 및 이자는 가입자가 이 저축을 해지할 때 일시에 지급합니다.
우리은행,예금,「주택청약종합저축」약관,제7조,전환신규,"기존 ‘청약예금, 청약부금, 청약저축’을 보유한 고객이 제2조 제1 항의 가입자격을 갖춘 경우 이 저축으로 전환신규가 가능하며, 전환 신규한 계좌의 납입횟수, 저축총액, 가입기간은「주택공급에 관한 규칙」의 기준을 따릅니다."
우리은행,예금,「주택청약종합저축」약관,제8조,계좌부활,이 저축을 사용하여 당첨자로 선정되어 해약한 자가 사업주체의 파산으로 당해 주택에 입주할 수 없게 될 경우 등「주택공급에 관한 규칙」에서 정한 부활사유에 해당하는 경우 동 계좌를 부활할 수 있습니다.
우리은행,예금,「주택청약종합저축」약관,제9조,소득공제,이 저축은 소득공제 가능한 상품으로「조세특례제한법」제87조에서 정한 요건에 해당하는 경우 소득공제 받으실 수 있습니다.
우리은행,예금,「주택청약종합저축」약관,제10조,양도 및 질권설정,이 저축은 양도하거나 제3자 담보제공을 위한 질권설정을 할 수 없습니다.
우리은행,예금,「주택청약종합저축」약관,제11조,기타,"이 저축은「금융소비자 보호에 관한 감독규정」제2조제1항이 정하는 바에 따라「금융소비자 보호에 관한 법률」의 적용을 받지 않습니다.

부칙
기 가입고객 변경일 내용 관련조항 적용여부
2009.05.06 제정
2013.04.10 변경, 소득공제 신설 제1조~제9조 Y
2015.01.01 변경 제8조 Y
2015.09.01 변경 제2조~제3조 Y
2017.01.23 변경 제3조~제4조 Y
2021.03.25 기타 신설 제10조 Y
2024.10.01 전환신규 신설 제7조 N"
우리은행,예금,계좌간 자동이체 약관,제1조,자동이체방법,"은행은 고객의 자동이체 신청에 따라 지정일에 통장, 수표, 지급청구서 없이 출금계좌에서 이체금액을 입금계좌로 이체합니다. 지정일이 없는 월의 경우에는 해당 월의 말일, 지정일이 영업일이 아닌 경우 익영업일에 이체합니다."
우리은행,예금,계좌간 자동이체 약관,제2조,지급자금 부족 때의 처리출금,"① 이체 지정일에 출금계좌의 지급자금이 이체금액에 미달하면 부족자금이 채워지는 날에 이체 처리 합니다.
② 제1항에도 불구하고 입금계좌가 대출계좌인 경우는 다음 각호의 방법에 따라 처리합니다.
1. 이체 지정일까지 출금계좌로 입금되는 금액은 이체 지정일부터 이체하며, 출금계좌의 출금 가능 금액이 이체금액에 미달하면 영업시간 이후에 다음과 같이 처리합니다.
가. 출금 가능 금액 범위 내에서 매 영업일 원 단위로 이체합니다.
나. 출금 가능 금액이 발생 연체이자에 미달하면 이체하지 않습니다.
2. 대출계좌의 약정 납입일 전까지는 부족 자금이 채워지는 날 이체하고, 약정 납입일 이후부터는 제1호의 방법에 따라 이체 처리합니다.
③ 제2항에 따라 연체 중인 원리금균등분할상환대출의 상환원리금 일부 금액이 이체되는 경우에도 연
체 기준일은 변경되지 않습니다.
④ 제2항에도 불구하고 협약대출, 정책자금대출, 기타 달리 정함이 있는 대출은 제1항의 방법에 따라 이체 처리합니다.
⑤ 제1항에도 불구하고 입금계좌가 퇴직연금(개인형IRP)계좌인 경우 직전 1회분 미납금액에 한하여 이체처리 합니다."
우리은행,예금,계좌간 자동이체 약관,제3조,여러 건의 이체처리,"출금 당일에 이체 대상 자동이체가 여러 건이 있으면, 처리순서는 아래의 자동이체 출금 우선순위에 따릅니다.
① 당행 지급 입금 이체 / ② 우리은행 대출금 이자 / ③ 우리은행 대출금 상환 / ④ 우리카드 대금결제
⑤ 타행(타사)카드 대금결제 / ⑥ 아파트 관리비 이체 / ⑦ 스쿨뱅킹 이체 / ⑧ 예약거래 이체
⑨ 지로 및 납부자자동이체 / ⑩ 외환 당발송금 이체 / ⑪ 당행 예적금계좌 이체 / ⑫ 기타 자동이체"
우리은행,예금,계좌간 자동이체 약관,제4조,증권의 부도,"고객의 출금계좌에 입금한 자기앞수표, 가계수표 등 증권이 지급거절 되었을 때, 자동이체 처리된 금액을 취소하고 지급거절 사실을 고객에게 통지합니다."
우리은행,예금,계좌간 자동이체 약관,제5조,자동이체의 신규·변경·해지 신청,"고객이 계좌간 자동이체를 신규 · 변경· 해지하고자 할 때에는 이체지정일 전 영업일까지 은행에 다음
각 호의 방법 중 어느 하나에 의하여 신고하여야 합니다.
① 서면에 의한 신청 / ② 인터넷뱅킹에 의한 신청
③ 스마트뱅킹에 의한 신청 / ④ 텔레뱅킹에 의한 신청
⑤ 자동이체 통합관리시스템(www.payinfo.or.kr)에 의한 신청
⑥ 애플리케이션 기반의 자동이체 통합관리시스템에 의한 신청"
우리은행,예금,계좌간 자동이체 약관,제6조,이체일 및 이체금액 미지정떄의 처리,"고객이 부담하여야 할 수수료, 채무 등 이체대상만을 지정하고 이체일과 금액에 대한 지정 없이 자동 이체를 신청한 때에는 은행은 그 대상거래가 발생했을 때 이체합니다."
우리은행,예금,계좌간 자동이체 약관,제7조,집합투자상품 자동이체 처리,"① 자동이체 지정일에 지급계좌의 지급 가능금액이 이체 신청금액에 미달하면, 자동이체가 처리되지 않습니다.
② 이체 지정일에 지급계좌에서 이체금액을 출금하여 별도의 신탁계정에 예치되며, 각각의 집합투자규 약에서 정한 매입 기준가격 적용일에 입금계좌로 이체합니다.
③ 단기금융상품(MMF)이 지급계좌일 경우에는 이체금액을 별도의 신탁계정에 예치하지 않고 이체금 액만큼 지급정지 되며, 각각의 집합투자규약에서 정한 매입기준가격 적용일에 출금하여 출금 당일 입금계좌로 이체합니다.
④ 제3조에도 불구하고 집합투자상품의 자동이체는 은행에서 정한 시간에 따라 처리합니다."
우리은행,예금,계좌간 자동이체 약관,제8조,계좌이동서비스,"① 계좌간 자동이체는 계좌이동 서비스 대상이며, 계좌이동 서비스 이용 약관을 준용합니다.
② 은행은 자동이체 통합관리시스템(www.payinfo.or.kr 또는 애플리케이션)에 자동이체 등록정보를 제공하여 거래처가 자동이체 조회 및 해지, 출금계좌 변경신청을 할 수 있도록 합니다.
③ 거래처가 은행 창구 또는 비대면 채널(인터넷뱅킹, 모바일뱅킹 등)에서 자동이체 출금계좌를 다른 은행 계좌로 변경 신청을 하면, 당행에서 이용 중인 자동이체는 해지 처리됩니다.
④ 거래처가 자동이체 통합관리시스템(www.payinfo.or.kr 또는 애플리케이션)에서 출금계좌를 다른 은행 계좌로 변경 신청을 하면, 당행에서 이용 중인 자동이체는 해지 처리됩니다."
우리은행,예금,계좌간 자동이체 약관,제9조,준용,"이 약관에서 정하지 아니한 사항은 예금거래기본약관, 관련예금약관, 신탁약관, 여신거래기본약관, 개별 상품약관 및 은행 내규를 준용합니다.
부 칙 (변경사항)
기 가입고객 변경일 내 용 관련조항 적용여부 제1조, 제2조,
제 3조, 제4조,
2013.11.18 문구의 명확화 적용 제5조, 제6조, ,제 7조, 제 8조 제1조, 제2조,
제 3조, 제4조,
2016.01.26 문구의 명확화 적용 제5조, 제6조, ,제 7조, 제 8조
2017.04.21 계좌간 자동이체 서비스 이용채널 확대 제5조, 제8조 적용
2020.05.29 권역간 통합 반영 제8조 적용
2023.03.09 문구의 명확화 제1조, 제2조 적용 <본 서류는 법령 및 내부통제기준에 따른 절차를 거쳐 금융소비자에게 제공되는 문서입니다.>"
우리은행,예금,「(특판명) 정기예금」특약,제1조,약관의 적용,"이 특약은 「(특판명) 정기예금」(이하 ‘이 예금’이라 합니다) 거래에 대하여 적용하고, 이 특약에서 정하지 않은 사항은 「예금거래기본약관」 및 「거치식예금 약관」을 적용합니다."
우리은행,예금,「(특판명) 정기예금」특약,제2조,상품정의,"이 예금은 은행이 별도의 판매기간과 판매한도, 이율을 정하여 판매하며 가입 금액 및 가입기간, 가입방법은 영업점과 우리은행 홈페이지에 고시합니다."
우리은행,예금,「(특판명) 정기예금」특약,제3조,상품명,"이 예금의 상품명 중 “(특판명)”은 판매 회차별로 은행이 정한 상품명을 사용할
수 있습니다."
우리은행,예금,「(특판명) 정기예금」특약,제4조,예금종류,이 예금의 예금과목은 정기예금으로 합니다.
우리은행,예금,「(특판명) 정기예금」특약,제5조,가입대상,이 예금의 가입대상은 실명의 개인입니다.
우리은행,예금,「(특판명) 정기예금」특약,제6조,가입금액,이 예금의 가입금액은 판매 회차별로 정하고 영업점 및 우리은행 홈페이지에 고시합니다.
우리은행,예금,「(특판명) 정기예금」특약,제7조,가입기간,"이 예금의 가입기간은 6개월, 12개월, 24개월 중에서 판매 회차별로 정하고 영업점 및 우리은행 홈페이지에 고시합니다."
우리은행,예금,「(특판명) 정기예금」특약,제8조,가입방법,"이 예금의 가입방법은 영업점, 우리은행 인터넷뱅킹, 스마트뱅킹 중에서 판매 회차별로 정하고 영업점 및 우리은행 홈페이지에 고시합니다."
우리은행,예금,「(특판명) 정기예금」특약,제9조,기본이율,이 예금의 기본이율은 가입일 당시 영업점 및 우리은행 홈페이지에 고시된 이율을 적용합니다.
우리은행,예금,「(특판명) 정기예금」특약,제10조,중도해지이율,이 예금을 만기일 전에 지급 청구할 때는 가입일 당시 영업점 및 우리은행 홈페이지에 고시한 중도해지이율을 적용합니다.
우리은행,예금,「(특판명) 정기예금」특약,제11조,만기 후 이율,이 예금은 만기 후 해지 시 만기일 당시 영업점 및 우리은행 홈페이지에 고시한 만기 후 이자율을 적용합니다.
우리은행,예금,「(특판명) 정기예금」특약,제12조,세제혜택,이 예금은 가입자 본인의 한도 내에서 비과세종합저축으로 가입할 수 있습니다.
우리은행,예금,「(특판명) 정기예금」특약,제13조,계약해지방법,"이 예금은 영업점, 우리은행 인터넷뱅킹 또는 스마트뱅킹을 통해 해지할 수 있습 니다.
※ 만기가 휴일(관공서의 공휴일에 관한 규정에 의한 관공서의 공휴일, 토요일, 근로자의 날)인 경우, 직전 영업일에 해지하면 ‘만기앞당김 지급’과 ‘중도해지’가 아닌 ‘만기해지’로 적용되며, 이자는 일수
로 계산하여 지급됩니다."
우리은행,예금,「(특판명) 정기예금」특약,제14조,분할해지,"이 예금은 만기해지를 포함하여 총 3회까지 분할해지가 가능하며, 분할해지된 금액에는 제10조의 중도해지이율을 적용합니다."
우리은행,예금,「(특판명) 정기예금」특약,제15조,제한사항,"이 예금은 공동명의로 가입할 수 없습니다.
부 칙 (변경사항)
기 가입고객 변경일 내 용 관련조항 적용여부
2025.08.14 약관 제정 - -
※ 본 서류는 법령 및 내부통제기준에 따른 절차를 거쳐 금융소비자에게 제공되는 문서입니다."
우리은행,예금,「CJ PAY 우리 통장」 특약,제1조,약관의 적용,"「CJ PAY 우리 통장」 (이하 ‘이 예금’이라 합니다.) 거래는 이 특약을 우선 적용하며, 이 특약에서 정하지 않은 사항은 「예금거래 기본약관」, 「입출금이 자유로운 예금 약관」, 「전자금융거래 기본약관」을 적용합니다."
우리은행,예금,「CJ PAY 우리 통장」 특약,제2조,예금종류,이 예금은 저축예금으로 합니다.
우리은행,예금,「CJ PAY 우리 통장」 특약,제3조,가입대상,"이 예금의 가입대상은 17세 이상 실명의 개인(내국인)으로, 1인 1계좌만 가입 가능합니다."
우리은행,예금,「CJ PAY 우리 통장」 특약,제4조,가입방법,이 예금은 CJ올리브네트웍스 주식회사의 웹 또는 앱페이지에 연계된 「우리은행 비대면 실명확인 서비스」를 통해서만 가입 가능합니다.
우리은행,예금,「CJ PAY 우리 통장」 특약,제5조,기본금리,이 예금의 기본금리는 매일의 최종 예금 잔액에 대해 우리은행 영업점 및홈페이지에 고시한 기본금리를 적용합니다.
우리은행,예금,「CJ PAY 우리 통장」 특약,제6조,우대금리,"① 이 예금의 우대금리는 매일의 2백만원 이하 잔액에 대하여 이 예금을 CJ PAY에 연결하여 결제 등의 서비스[CJ올리브네트웍스 제휴서비스/CJ PAY 우리 통장 서비스] (이하 ‘CJ PAY 우리 통장 서비스’라 한다.) 이용 시에만 제공합니다. 단, 2백만원을 초과하는 예금 잔액 및 ‘CJ PAY 우리 통장 서비스’ 해지 시에는 우대금리를 제공하지 않습니다.
② 최초 가입일(통장개설일)로부터 5년 이내 기간에 대하여 제5조의 금리에 더하여 적용합니다. 기간에 따른 우대금리는 가입시점의 상품설명서 및우리은행 홈페이지에 고시합니다.
③ 우대금리 중 이벤트 특별금리의 경우 대상자에 한해 기본금리에 가산하여 적용합니다. 이벤트 특별금리 대상 요건은 가입시점의 상품설명서 및우리은행 홈페이지에 고시하며, 이벤트 내용에 따른 이벤트 특별금리가
- 1 -

적용됩니다.
④ 이 예금을 해지 후 재가입한 경우, 우대금리(이벤트 특별금리 포함)를 제공하지 않습니다. 단, 최초가입일로부터 1개월 이내 해지 후 재가입한 경우에는 우대금리(이벤트 특별금리 포함)를 제공합니다."
우리은행,예금,「CJ PAY 우리 통장」 특약,제7조,이자의 지급,"① 이 예금의 금리는 매일의 최종 예금 잔액에 대해 예금 보유일 현재(공휴일인 경우에는 직전영업일) 우리은행 영업점 및 홈페이지에 고시한 기본금리 및 우대금리를 합산하여 적용합니다.
② 이 예금의 기본금리는 변경될 수 있으며, 금리 변경 시에는 변경일로부터 변경된 금리가 적용됩니다.
③ 이 예금의 이자는 매월 셋째 토요일(원가일)에 원금에 더합니다.
④ 이 예금의 이자계산 기간은 최초 예금일(또는 지난 원가일)로부터 원가일 전일까지입니다."
우리은행,예금,「CJ PAY 우리 통장」 특약,제8조,상품명 변경,이 예금은 ‘CJ PAY 우리 통장 서비스’ 해지 시 「우리 제휴 통장」으로 상품명이 변경됩니다.
우리은행,예금,「CJ PAY 우리 통장」 특약,제9조,수수료 우대서비스,"이 예금을 통한 거래 시 아래의 수수료 우대서비스를 제공합니다.
수수료 항목 우대 내용
1. 우리은행 전자금융(인터넷, 모바일, 텔레뱅킹) 이용한 면제 다른은행으로의 이체수수료
2. 우리은행 자동화기기 이용한 영업시간 외 현금출금 수수료 ※ 단, 이 예금을 통한
3. 우리은행 자동화기기 이용한 다른 은행으로의 이체수수료 거래에서 발생하는
4. 납부자 자동이체(타행자동이체) 수수료 수수료에 한함"
우리은행,예금,「CJ PAY 우리 통장」 특약,제10조,상품전환,다른 예금에서 이 예금으로 전환 또는 이 예금에서 다른 예금으로 전환은 불가합니다.
우리은행,예금,「CJ PAY 우리 통장」 특약,제11조,연계ㆍ제휴 서비스,"① 이 예금의 연계ㆍ제휴 서비스는 제휴사 앞 금융거래정보 이용ㆍ제공에 동의하고, ‘CJ PAY 우리 통장 서비스’를 이용 시 제휴사가 제공합니다.
- 2 -

수수료 항목: 우대 내용

단, ‘CJ PAY 우리 통장 서비스’ 해지 시 해당 서비스를 제공하지 않습니다.
제휴사명 서비스명칭 제휴 서비스 내용 CJ올리브네트웍스 1. CJ ONE 포인트주2)를 이 예금으로 자동 입금 CJ올리브 제휴 서비스 / 2. CJ PAY 서비스 페이지 내에서 네트웍스 CJ PAY 우리 통장 이 예금의 잔액 및 거래 내역 조회 주식회사주1) 서비스 3. CJ PAY 결제 연동 주1) CJ올리브네트웍스 주식회사는 간편결제 등의 금융플랫폼 서비스 (CJ PAY 서비스) 사업을 영위하며, CJ PAY 서비스를 통해 ‘CJ PAY 우리 통장 서비스’를 사용할 수 있도록 합니다.
주2) CJ PAY 회원이 직접 유상결제 또는 다른 CJ PAY 회원으로부터 송금받은 송금 잔고를 포인트로 전환하는 등의 다양한 방법으로 충전하여 CJ PAY 사용처에서 사용할 수 있는 전자적 지급수단
② 우리은행은 연계ㆍ제휴 서비스 등을 부당하게 축소하거나 변경하지 않으며, 불가피하게 축소하거나 변경하는 경우 그에 상응하는 다른 연계ㆍ제휴 서비스를 제공합니다.
③ 연계ㆍ제휴 서비스의 변경 시 그 내용을 사전에 서면, 우편, 팩스, 전화, E-mail, LMS 등의 방법 중 2개 이상의 방법으로 축소ㆍ변경 6개월 전부터 매월 고지합니다. 단, 그에 상응하는 다른 연계ㆍ제휴 서비스를 제공하거나 우리은행의 휴업ㆍ파산ㆍ경영상의 위기 또는 연계ㆍ제휴 서비스 등을 제공하는 자의 일방적인 제공 중단 등 6개월 전부터 고지하기 어려운 불가피한 사유가 있는 경우에는 해당 상황이 발생하는 즉시 고지합니다."
우리은행,예금,「CJ PAY 우리 통장」 특약,제12조,혁신금융서비스 승인에 관한 사항,"① ‘CJ PAY 우리 통장 서비스’는 금융혁신지원특별법에 따라 혁신금융사업자로 선정된 은행이 시험 운영하여 제공하는 혁신금융서비스로 동 특별법이 정하는 다음 각 호의 어느 하나에 해당하는 사유가 발생하는 경우 서비스 운영이 종료될 수 있습니다.
1. 혁신금융서비스 지정기간이 만료되는 경우(지정만료일 : 2027.06.09)
2. 금융위원회가 혁신금융서비스 지정을 취소하거나, 중지명령(변경결정)을 하는 경우
3. 은행이 금융위원회에 혁신금융서비스 지정철회를 요청하여 지정이 취소 되는 경우
4. 은행이 합병 등 조직변경으로 혁신금융서비스 지정의 효력이 상실되는 경우
② 제1항에 따라 ‘CJ PAY 우리 통장 서비스’의 운영이 종료되더라도 은행은 기존에 체결된 계약에 따른 의무를 이행해야 합니다. 다만, 이행이 불가능한 경우에는 이용자의 동의를 얻어 계약을 조기에 종료할 수 있으며, 서비스 중단으로 이용자의 손해가 발생한 경우 이를 배상할 책임이 있습니다.
- 3 -

③ ‘CJ PAY 우리 통장 서비스’는 혁신금융서비스로 선정되어 시험 운영하는 서비스이며, 그로 인해 예상하지 못한 위험이 발생할 수 있습니다.
이용자에게 통장개설 전 ‘혁신금융서비스 고지사항’을 안내하고, 이용자는
동 내용에 대해 동의 후 서비스를 이용할 수 있습니다. 다만, 해당 조치는 은행이 이용자에 대해 부담하는 법률적 책임에 영향을 미치지 않습니다.
④ 은행은 혁신금융서비스의 제공 및 중단 등으로 인하여 이용자에게 손해가 발생한 경우 고의 또는 과실이 없음을 입증하지 못하는 한 이를 배상할 책임이 있으며, 은행의 책임과 관련하여 금융혁신지원특별법, 전자금융거래법, 은행법 등 다른 법령에 이용자에게 유리하게 적용될 수있는 규정이 있는 경우에는 그 법령이 우선 적용됩니다."
우리은행,예금,「CJ PAY 우리 통장」 특약,제13조,민원처리 및 분쟁조정,"① 이 예금에 대해 문의사항 또는 민원 상담이 필요한 경우 우리은행 영업점, 홈페이지 또는 고객센터(1588-5000, 1599-5000, 평일 9:00~18:00)를 통해 문의주시기 바랍니다. 또한 이 예금에 대하여 분쟁이 발생한 경우에는 금융소비자보호법에 따라 금융감독원 민원상담 센터(국번없이1332) 또는 e-금융 민원센터(http://www.fcsc.kr)에 분쟁조정을 신청할 수 있습니다.
② 이 예금에 대해 이의를 제기한 경우 분쟁처리 담당자 및 연락처를 LMS, 이메일 등의 방법으로 이용자에게 통지하며, 14영업일 이내에 조사하고, 처리결과를 이용자에게 알려드립니다.
※ 이 약관은 관련 법령 및 내부통제 기준에 따른 절차를 거쳐 제공됩니다.
부 칙 (변경사항) 관련 기가입고객 변경일 내용 조항 적용여부
2025.06.10 제 정 - -
2025.07.31 혁신금융서비스 지정만료일 추가 제12조 1항 적용
- 4 -"
우리은행,예금,WON 기업정기예금 특약,제1조,약관의 적용,"WON 기업정기예금(이하 ‘이 예금’이라 합니다)의 거래에는 이 특약을 적용하며, 이 특약에서 정하지 않은 사항은 「예금거래 기본약관」, 「거치식예금 약관」, 「전자금융거래 기본약관」 및 「전자뱅킹서비스 이용약관」을 적용합니다."
우리은행,예금,WON 기업정기예금 특약,제2조,가입대상,이 예금의 가입대상은 사업자 등록증을 소지한 개인사업자 및법인(「금융실명거래 및 비밀보장에 관한 법률」 제2조 제1호에 따른 금융회사 등 및 「외국환거래규정」 제1-2조 제4호에 따른 기관투자가는 제외) 입니다.
우리은행,예금,WON 기업정기예금 특약,제3조,예금과목,이 예금의 과목은 정기예금으로 합니다.
우리은행,예금,WON 기업정기예금 특약,제4조,가입금액,이 예금은 가입금액은 1백만원 이상 50억원 이하입니다.
우리은행,예금,WON 기업정기예금 특약,제5조,가입방법,이 예금은 우리은행 비대면 채널을 통해 가입할 수 있습니다.
우리은행,예금,WON 기업정기예금 특약,제6조,계약기간,"이 예금의 계약기간은 1개월 이상 36개월 이하이며, 일 단위로 신규 가능합니다."
우리은행,예금,WON 기업정기예금 특약,제7조,기본금리,이 예금의 기본이율은 신규일 당시 우리은행 영업점과 인터넷 홈페이지에 고시된 계약기간별 이자율을 적용합니다.
우리은행,예금,WON 기업정기예금 특약,제8조,이자지급방법,이 예금의 이자지급은 만기일시지급식으로 합니다.
우리은행,예금,WON 기업정기예금 특약,제9조,만기자금 자동관리 서비스,"이 예금을 우리은행 비대면 채널을 통해 가입 시 가입자 본인은 다음
각 호의 어느 하나에 해당하는 만기자금 자동관리 서비스를 신청하여 이용 가능하며, 만기일 전 영업일까지 우리은행 영업점을 통해 기존 신청한 서비스의 해지 또는 다음 각 호의 서비스 간 변경을 신청할 수있습니다. 다만, 이 서비스에 가입하기 위해서는 우리은행에 가입자 본
인 명의 입출식 계좌를 정상 보유하여야 하며, 세법상 비거주자인 경우
는 신청이 불가합니다.
1. 자동 재예치
가. 재예치되는 금액은 세금 납부 후 이자를 제외한 원금으로만 가능합니다.
나. 재예치 시 재예치일을 기준으로 제7조의 이자율을 적용하고, 그
외 계약기간, 이자지급방법 등은 직전 계약조건과 동일하게 적용됩니다.
다. 재예치기간은 기존 계약기간을 포함하여 최장 10년 이내에서 월단위로 정할 수 있으며, 기존 계약기간이 월 단위인 경우에 한하여 신청 가능합니다. 재예치 응당일이 없는 달의 경우 그 달의 말일을, 응당일이 휴일(관공서의 공휴일에 관한 규정에 의한 관공서의 공휴일, 토요일, 근로자의 날)인 경우에는 응당일에 이은 첫 영업일을 재예치일로 합니다.
라. 법적 지급 제한, 세법 등 관계법령 개정, 이자를 수령할 입출식 계좌 해지 등으로 인해 이 서비스를 제공하지 못할 사유가 있는 경우에는 자동재예치 되지 않으며, 이 때에는 일반예금의 지급절차에 준하여 만기일부터 지급일 전날까지의 기간에 대해 제11조 만기후이율을 적용합니다.
2. 자동 해지
가. 만기 시 가입자 본인이 지정한 본인명의 우리은행 입출식 계좌로 세금 납부 후 이자를 포함하는 원리금을 이체합니다.

나. 법적 지급 제한, 세법 등 관계법령 개정, 이자를 수령할 입출식 계좌 해지 등으로 인해 이 서비스를 제공하지 못할 사유가 있는 경우에는 자동재예치 되지 않으며, 이 때에는 일반예금의 지급절차에 준하여 만기일부터 지급일 전날까지의 기간에 대해 제11조 만기후이율을 적용합니다."
우리은행,예금,WON 기업정기예금 특약,제10조,중도해지이율,이 예금은 중도해지 시 신규일 당시 우리은행 영업점 및 인터넷 홈페이지에 고시한 중도해지이율을 적용합니다.
우리은행,예금,WON 기업정기예금 특약,제11조,만기후이율,이 예금은 만기 후 해지 시 만기일 당시 우리은행 영업점 및 인터넷 홈페이지에 고시한 일반정기예금 만기후이율을 적용합니다.
우리은행,예금,WON 기업정기예금 특약,제12조,분할지급,"이 예금은 계약기간 중 총 2회까지 분할해지를 할 수 있으며, 분할해지된 금액에 대해서는 제10조 중도해지이율을 적용합니다.
분할해지 후 잔액이 최소 가입금액 미만인 경우에는 분할해지가 불가합니다."
우리은행,예금,WON 기업정기예금 특약,제13조,세제혜택,이 예금은 가입자 본인의 한도 내에서 비과세종합저축으로 가입할 수있습니다.
우리은행,예금,WON 기업정기예금 특약,제14조,제한사항,"이 예금은 공동명의로 가입할 수 없습니다.

부 칙[변경사항] 기존 가입고객 구분 변경일 내 용 관련조항 적용여부 1차 2020.04.08. 제정 - - 2차 2022.12.26 가입대상 변경 2조 미적용 3차 2025.01.09 만기자금 처리방법 제정 9조 미적용"
우리은행,예금,「WON플러스 예금」 특약,제1조,약관의 적용,"「WON플러스 예금」 (이하 ‘이 예금’이라 합니다)의 거래에는 이 특약을 적용하며,
이 특약에서 정하지 아니한 사항은 「예금거래기본약관」, 「거치식예금약관」, 「전자뱅킹서비스 이용약관」을 적용합니다."
우리은행,예금,「WON플러스 예금」 특약,제2조,예금과목,이 예금의 과목은 정기예금으로 합니다.
우리은행,예금,「WON플러스 예금」 특약,제3조,가입대상,이 예금의 가입대상은 실명의 개인으로 합니다.
우리은행,예금,「WON플러스 예금」 특약,제4조,가입방법,"이 예금은 우리은행 인터넷(스마트)뱅킹, 텔레뱅킹을 통해 가입 가능합니다."
우리은행,예금,「WON플러스 예금」 특약,제5조,계약기간,"이 예금의 계약기간은 1개월 이상 36개월 이내 월, 일 단위로 신규 가능합니다."
우리은행,예금,「WON플러스 예금」 특약,제6조,가입금액,이 예금의 신규 및 재예치 가능 금액은 1만원 이상입니다.
우리은행,예금,「WON플러스 예금」 특약,제7조,기본금리,이 예금의 기본금리는 신규일 당시 우리은행 영업점과 인터넷 홈페이지에 고시된 계약기간별 이자율을 적용합니다.
우리은행,예금,「WON플러스 예금」 특약,제8조,이자지급,"① 이 예금의 가입 시 금리쿠폰주1)을 적용한 경우, 쿠폰의 우대금리를 본 제7조의 기본금리에 가산하여 계산한 이자를 원금에 더하여 만기일에 일시 지급합니다.
단, 신규가입 시 금리 쿠폰 적용이 가능하며, 본 쿠폰금리는 중도해지 시미적용됩니다.
※ 주1) 이벤트 진행 시 우리은행 영업점 및 인터넷(스마트) 홈페이지를 통해 적용 가능한 쿠폰금리 확인 및 지정된 계약 기간으로 가입 가능

② 이 예금의 만기일 전에 지급을 청구한 때에는 가입일로부터 지급일 전날까지 기간에 대해 예금 가입일 당시 우리은행 영업점 및 은행 홈페이지에 고시한 중도해지 금리로 계산한 이자를 원금에 더하여 지급합니다.
③ 이 예금의 만기일 이후에 지급을 청구한 때에는 만기일로부터 지급일 전일까지의 기간에 대하여 예금 가입일 당시 우리은행 영업점 및 은행 홈페이지에 고시한 만기 후 금리로 계산한 이자를 제 7조에 더하여 지급합니다."
우리은행,예금,「WON플러스 예금」 특약,제9조,만기자금 자동관리 서비스,"이 예금은 예금주 본인이 신청한 경우에 한하여 다음 각 호에서 규정한 만기자금 자동관리 서비스 이용이 가능하며, 이는 만기일 전 영업일까지 변경할 수 있습니다.
다만, 이 서비스에 가입하기 위해서는 우리은행에 본인 명의 우리은행 입출식 계좌를 정상 보유하여야 하며, 세법상 비거주자인 경우는 신청이 불가합니다.
1. 자동해지
① 만기 시 고객이 지정한 본인명의 우리은행 입출식 계좌로 세금 납부 후 이자를 포함하는 원리금을 이체합니다.
② 법적지급제한, 세법 등 관계법령 개정, 이자를 수령할 입출식 계좌 해지 등으로 인해 이 서비스를 제공하지 못할 사유가 있는 경우에는 자동해지 되지 않으며,
이 때에는 일반 예금의 지급절차에 준하여 만기일부터 지급일 전날까지의 기간에 대해 제 11조 만기 후 이율을 적용합니다."
우리은행,예금,「WON플러스 예금」 특약,제10조,중도해지이율,이 예금은 중도해지 시 신규일 당시 우리은행 영업점 및 인터넷 홈페이지에 고시된 중도해지이율을 적용합니다.
우리은행,예금,「WON플러스 예금」 특약,제11조,만기 후 이율,이 예금은 만기 후 해지 시 만기일 당시 우리은행 영업점 및 인터넷 홈페이지에 고시된 일반정기예금의 만기 후 이율을 적용합니다.
우리은행,예금,「WON플러스 예금」 특약,제12조,분할해지,"① 이 예금은 만기해지 포함 총 3회에 한하여 분할해지가 가능하며, 분할해지 시분할해지된 금액에 대해서는 가입 당시 고시된 중도해지이율을 적용합니다.
② 분할해지 후 잔액이 최소 가입금액 미만이거나, 법적제한이 있는 경우에는 분할해지가 불가합니다."
우리은행,예금,「WON플러스 예금」 특약,제13조,제한사항,"이 예금은 공동명의로 가입할 수 없습니다.

※ 본 서류는 법령 및 내부통제기준에 따른 절차를 거쳐 금융소비자에게 제공되는 문서입니다.
부 칙 (변경사항)
기 가입고객 변경일 내 용 관련조항 적용여부
2022.07.06 약관 제정 - -
2023.02.03 약관 변경 제4조, 제5조, 제6조 미적용"
우리은행,예금,모이면 금리가 올라가는 예금 특약,제1조,약관의 적용,"모이면 금리가 올라가는 예금(이하 ‘이 예금’이라 합니다)의 거래에는 이 특약을 적용하며, 이 특약에서 정하지 않은 사항은 「예금거래 기본약관」, 「거치식 예금약관」, 「전자금융거래 기본약관」 및 「전자뱅킹서비스 이용약관」을 적용합 니다."
우리은행,예금,모이면 금리가 올라가는 예금 특약,제2조,예금과목,이 예금의 과목은 정기예금으로 합니다.
우리은행,예금,모이면 금리가 올라가는 예금 특약,제3조,가입대상,이 예금의 가입대상은 실명의 개인 및 개인사업자입니다.
우리은행,예금,모이면 금리가 올라가는 예금 특약,제4조,가입금액,이 예금의 가입금액은 제한이 없습니다.
우리은행,예금,모이면 금리가 올라가는 예금 특약,제5조,가입방법,이 예금은 인터넷뱅킹과 스마트뱅킹 등 전자금융 채널로 가입할 수 있습 니다.
우리은행,예금,모이면 금리가 올라가는 예금 특약,제6조,모집기간,"① 이 예금은 회차별로 정해진 모집기간 동안 판매합니다.
② 회차별 모집기간은 영업점 또는 인터넷 홈페이지에 고시합니다."
우리은행,예금,모이면 금리가 올라가는 예금 특약,제7조,계약기간,"이 예금의 계약기간은 3개월, 6개월, 1년 중에서 모집 회차별로 은행에서 정하며, 모집기간 시작일에 영업점 또는 인터넷 홈페이지에 고시합니다."
우리은행,예금,모이면 금리가 올라가는 예금 특약,제8조,이자지급,이 예금의 이자는 만기에 지급합니다.
우리은행,예금,모이면 금리가 올라가는 예금 특약,제9조,적용이율,이 예금의 이율은 회차별 모집기간 시작일에 영업점 또는 인터넷 홈페이지에 고시한 모집금액에 따른 차등이율을 적용합니다.
우리은행,예금,모이면 금리가 올라가는 예금 특약,제10조,우대조건,"이 예금을 iTouch우리통장, 우리꿈통장, 위비모바일통장, WON통장에 연결하
여 가입하는 경우 또는 만기해지시 우리 오픈뱅킹 서비스1)에 타행계좌가 등록되어 있는 경우 제 11조의 우대이율을 제공합니다."
우리은행,예금,모이면 금리가 올라가는 예금 특약,제11조,우대이율,제10조의 우대조건을 충족하는 경우 적용이율에 연 0.1%p의 우대이율을 더하여 이자를 계산합니다.
우리은행,예금,모이면 금리가 올라가는 예금 특약,제12조,중도해지이율,이 예금은 중도해지 시 신규일 당시 영업점 및 인터넷 홈페이지에 고시한 중도해지이율을 적용합니다.
우리은행,예금,모이면 금리가 올라가는 예금 특약,제13조,만기후이율,"이 예금은 만기 후 해지 시 만기일 당시 영업점 및 인터넷 홈페이지에 고시한 일반정기예금 만기후이율을 적용합니다.
※ 본 서류는 법령 및 내부통제기준에 따른 절차를 거쳐 금융소비자에게 제공되는 문서입니다.
[변경사항] 기존 가입고객 구분 변경일 내 용 관련조항 적용여부 1차 2012.01.13. 제정 - - 2차 2017.09.28. 우대조건 및 이율 추가 제10조外 미적용 3차 2018.10.30. 중도해지이율,만기후이율 추가 제12조外 미적용 4차 2019.08.16 상품명 변경 및 우대조건 추가 제1조外 미적용 5차 2020.08.31 우대조건 변경 제10조 미적용
1) 우리 오픈뱅킹 서비스: 오픈뱅킹 공동업무를 활용하여 우리은행이 이용자에게 제공하는 금융거래 서비스"
우리은행,예금,「삼성월렛머니 우리 통장」특약,제1조,약관의 적용,"「삼성월렛머니 우리 통장」 (이하 ‘이 예금’이라 합니다) 거래는 이 특약을 우선 적용하며, 이 특약에서 정하지 않은 사항은 「예금거래기본약관」, 「입출금이 자유로운 예금약관」, 「전자금융거래 기본약관」을 적용합니다."
우리은행,예금,「삼성월렛머니 우리 통장」특약,제2조,예금종류,이 예금은 저축예금으로 합니다.
우리은행,예금,「삼성월렛머니 우리 통장」특약,제3조,가입대상,"이 예금의 가입대상은 17세 이상 실명의 개인(내국인)으로, 1인 1계좌만 가입 가능합니다."
우리은행,예금,「삼성월렛머니 우리 통장」특약,제4조,가입방법,이 예금은 우리은행 모바일웹을 통해서 가입 가능합니다.
우리은행,예금,「삼성월렛머니 우리 통장」특약,제5조,기본이율,이 예금의 기본이율은 매일의 최종 예금 잔액에 대해 현재 영업점 및 우리은행 홈페이지에 고시된 이율이 적용됩니다.
우리은행,예금,「삼성월렛머니 우리 통장」특약,제6조,우대이율,"① 이 예금의 우대이율은 이 예금을 삼성월렛머니 서비스에 연결하고 유지한 경우, 매일의 2백만원 이하의 잔액에 대하여 제공합니다. 단, 2백만원을 초과하는 예금 잔액 및 삼성월렛머니 서비스 연결 해지 시에는 우대이율을 제공하지 않습니다.
② 최초 가입일(통장개설일)로부터 3년 이내 기간에 대하여 기본이율에 더하여 적용합니다. 기간에 따른 우대이율은 가입시점의 영업점 및 우리은행 홈페이지에 고시합니다.
③ 우대이율 중 이벤트 특별이율의 경우 대상자에 한해 기본이율에 가산하여 적용합니다. 이벤트 특별이율 대상 요건은 가입시점의 영업점 및 우리은행 홈페이지에 고시하며, 이벤트 내용에 따른 이벤트 특별이율이 적용됩니다.
④ 이 예금을 해지 후 재가입한 경우에는, 우대이율을 제공하지 않습니다. 단,

최초 가입일로부터 1개월 이내 재가입한 경우에는 우대이율을 제공합니다."
우리은행,예금,「삼성월렛머니 우리 통장」특약,제7조,이자의 지급,"① 이 예금의 이율은 매일의 최종 예금 잔액에 대해 예금 보유일 현재(공휴일
인 경우 직전영업일) 영업점 및 우리은행 홈페이지에 고시한 기본이율 및우대이율을 합산하여 적용합니다.
② 이 예금의 기본이율과 우대이율은 변경될 수 있으며, 이율 변경 시에는 변경일로부터 변경된 금리가 적용됩니다.
③ 이 예금의 이자 결산은 매월 셋째주 금요일(결산일이 관공서의 공휴일에 관한 규정에 의한 관공서의 공휴일, 토요일, 근로자의 날인 경우 그 직전 영업
일)에 실시하며, 그 다음날(원가일)에 원금에 더합니다.
④ 이 예금의 이자계산기간은 최초 예금일(또는 지난 원가일)로부터 원가일 전일까지입니다."
우리은행,예금,「삼성월렛머니 우리 통장」특약,제8조,수수료 면제,"이 예금을 삼성월렛머니 서비스에 연결하고 유지한 경우 아래의 수수료 우대 서비스를 제공합니다.
수수료 항목 우대 내용
1. 우리은행 전자금융(인터넷, 모바일, 텔레뱅킹) 이용한 면제 다른 은행으로의 이체수수료
※ 단, 이 예금을 통한
2. 우리은행 자동화기기 이용한 영업시간 외 현금출금 수수료 거래에서 발생하는
3. 우리은행 자동화기기 이용한 다른 은행으로의 이체수수료 수수료에 한함
4. 납부자 자동이체(타행자동이체) 수수료"
우리은행,예금,「삼성월렛머니 우리 통장」특약,제9조,상품전환,"다른 예금에서 이 예금으로 전환 또는 이 예금에서 다른 예금으로 전환은 불가합니다.
※ 이 약관은 관련 법령 및 내부통제 기준에 따른 절차를 거쳐 제공됩니다.
부 칙 (변경사항)
기 가입고객 변경일 내 용 관련조항 적용여부
2025.10.15. 약관 제정 - -

수수료 항목: 우대 내용"
우리은행,예금,「우리 FLEX 기업자유예금」특약,제1조,약관의 적용,"『우리 FLEX 기업자유예금』(이하 ‘이 예금’ 이라 합니다)과 관련된 거래에는 본특약을 적용하며, 본 특약에서 정하지 않은 사항은 『예금거래기본약관』 및 『입출금이 자유로운 예금약관』을 적용합니다."
우리은행,예금,「우리 FLEX 기업자유예금」특약,제2조,가입대상,이 예금의 가입대상은 우리은행과 『우리 FLEX 프로그램』 협약을 체결한 기업 입니다.
우리은행,예금,「우리 FLEX 기업자유예금」특약,제3조,가입방법,이 예금은 우리은행 영업점을 통해 가입 가능합니다.
우리은행,예금,「우리 FLEX 기업자유예금」특약,제4조,예금과목,이 예금의 예금과목은 기업자유예금입니다.
우리은행,예금,「우리 FLEX 기업자유예금」특약,제5조,이자율 적용 및 이자 결산,"① 이 예금의 이자율은 우리은행 영업점 및 인터넷 홈페이지에 고시한 이자율
을 적용합니다.
② 이자는 매 3월, 6월, 9월, 12월 셋째 토요일(원가일)에 원금에 더합니다.
③ 이자계산은 최초 예금일(또는 지난 원가일)로부터 원가일 전일까지를 이자 계산 기간으로 하고, 매일의 최종 잔액에 대하여 영업점에 고시된 이자율로 이자를 계산합니다.
④ 이 예금의 적용 이자율은 변경될 수 있으며, 이자율 변경 시에는 변경일로 부터 변경된 이자율을 적용하고, 그 변경내용을 우리은행 영업점 및 인터넷 홈페이지에 게시합니다."
우리은행,예금,「우리 FLEX 기업자유예금」특약,제6조,수수료 혜택,"『우리 FLEX 프로그램』 협약(이하 “업무 협약”)에 의해 이 예금에 가입한 고객
은 수신수수료주1) 무제한 면제 혜택을 제공받습니다.
단, 업무 협약이 종료되거나, 이 예금을 해지한 경우 수수료 무제한 면제 혜택

은 종료됩니다."
우리은행,예금,「우리 FLEX 기업자유예금」특약,제7조,상품전환,"동일 예금과목(기업자유예금)인 경우, 다른 예금에서 이 예금으로 전환이 가능 합니다."
우리은행,예금,「우리 FLEX 기업자유예금」특약,제8조,유의사항,"이 예금에 자동이체 연결된 「우리 FLEX 정기예금」 보유 시, 개별 해지가 불가 합니다.
주1) 수신수수료
① 이 예금 가입 고객의 전자금융 이체수수료 (인터넷뱅킹, 스마트뱅킹, 텔레뱅킹을 이용한 다른 은행으로의 이체수수료)
② 이 예금 가입고객의 자동화기기 이용수수료 (우리은행 자동화기기를 이용한 영업시간 외 현금인출 수수료 및 다른 은행으로의 이체 수수료)
③ 이 예금 가입고객의 자기앞수표 발행 수수료
④ 이 예금 가입고객의 제사고신고 수수료
⑤ 이 예금 가입고객의 통장(증서) 재발급 수수료
부 칙 (변경사항)
기 가입고객 변경일 내 용 관련조항 적용여부
2023.03.07. 약관 제정 - - <본 서류는 법률 및 내부통제기준에 따라 절차를 거쳐 제공됩니다>"
우리은행,예금,「우리 FLEX 정기예금」특약,제1조,약관의 적용,"『우리 FLEX 정기예금』(이하 ‘이 예금’ 이라 합니다)과 관련된 거래에는 본 특약을 적용하며, 본 특약에서 정하지 않은 사항은 『예금거래기본약관』 및 『거 치식예금약관』, 『계좌간 자동이체 약관』을 적용합니다."
우리은행,예금,「우리 FLEX 정기예금」특약,제2조,가입대상,"이 예금의 가입대상은 우리은행과 『우리 FLEX 프로그램』 협약을 체결하고 「우
리 FLEX 기업자유예금」을 보유한 기업입니다."
우리은행,예금,「우리 FLEX 정기예금」특약,제3조,가입방법,이 예금은 우리은행 영업점을 통해 가입 가능합니다.
우리은행,예금,「우리 FLEX 정기예금」특약,제4조,예금과목,이 예금의 예금과목은 정기예금입니다.
우리은행,예금,「우리 FLEX 정기예금」특약,제5조,가입금액,이 예금의 가입금액은 제한이 없습니다.
우리은행,예금,「우리 FLEX 정기예금」특약,제6조,계약기간,"이 예금의 계약기간은 1개월 이상 36개월 이하이며, 일 단위로 신규 가능합니다."
우리은행,예금,「우리 FLEX 정기예금」특약,제7조,이자지급방법,"① 이 예금의 이자는 「우리 FLEX 기업자유예금」으로만 입금이 가능합니다.
② 이 예금은 월이자지급식, 3개월이자지급식, 만기일시지급식 중에서 고객의 선택에 따라 지급할 수 있습니다."
우리은행,예금,「우리 FLEX 정기예금」특약,제8조,기본이자율,이 예금은 신규일 당시 우리은행 영업점 및 인터넷 홈페이지에 고시된 이율을 적용합니다.
우리은행,예금,「우리 FLEX 정기예금」특약,제9조,중도해지 이자율,"이 예금은 중도해지 시 신규일(또는 재예치일) 당시 우리은행 영업점 및 인터
넷 홈페이지에 고시한 중도해지이율을 적용합니다."
우리은행,예금,「우리 FLEX 정기예금」특약,제10조,만기후 이자율,"이 예금은 만기 후 해지 시 만기일 당시 우리은행 영업점 및 인터넷 홈페이지
에 고시한 만기 후 이자율을 적용합니다."
우리은행,예금,「우리 FLEX 정기예금」특약,제11조,만기자금 처리방법,"① 이 예금은 만기 시 이자에 대한 세금 공제 후, 원금과 이자에 대해 다음
중 고객이 선택한 방법으로 만기자금을 처리할 수 있습니다.
1. 원금 재예치
2. 원금과 이자를 재예치
3. 만기 자동해지
4. 고객 직접해지
② 만기자금 처리방법은 만기일 전 영업일까지 변경할 수 있으며, 처리방법을 선택하지 않은 경우 고객 직접해지 방법으로 처리합니다.
③ 만기 자동해지는 만기 시 고객이 사전에 지정한 우리 FLEX 기업자유예금 계좌로 세금 납부 후 이자를 포함하는 원리금을 이체합니다.
④ 고객 직접해지 시 고객이 사전에 지정한 우리 FLEX 기업자유예금 계좌로 세금 납부 후 이자를 포함하는 원리금을 이체합니다.
⑤ 재예치는 계약기간 단위로 만기 해당일에 최장 10년까지 가능하며 재예치 해당일이 없는 달의 경우 그 달의 말일을, 해당일이 당행 휴무일인 경우에는 해당일에 이은 첫 영업일을 재예치일로 합니다.
⑥ 법적지급제한, 세법 등 관계법령 개정, 이자를 수령할 입출식 계좌 해지 등으로 인해 이 서비스를 제공하지 못할 사유가 있는 경우에는 자동해지되지 않으며, 이 때에는 일반 예금의 지급절차에 준하여 만기일부터 지급일 전날까지
의 기간에 대해 만기 후 이율을 적용합니다.
⑦ 단, 계약기간이 월단위가 아닌 경우, 만기자금 처리방법 중 제1항 제1호, 제2호는 선택 불가합니다."
우리은행,예금,「우리 FLEX 정기예금」특약,제12조,계약해지방법,"이 예금은 우리은행 영업점을 통한 해지가 가능합니다.
단, 만기가 휴일(대통령령에 의한 관공서의 공휴일에 관한 규정에 의한

공휴일, 토요일, 근로자의 날)인 경우, 전 영업일에 해지할 경우 ‘만기앞당김 지급’과 ‘중도해지’가 아닌 ‘만기해지’로 적용되며, 이자는 일수로 계산하여 지급합 니다."
우리은행,예금,「우리 FLEX 정기예금」특약,제13조,계좌분할,이 예금은 만기일 포함 3회에 한하여 계좌분할이 가능합니다.
우리은행,예금,「우리 FLEX 정기예금」특약,제14조,세제혜택,"이 예금은 세제혜택상품에 가입할 수 없습니다.
부 칙 (변경사항)
기 가입고객 변경일 내 용 관련조항 적용여부
2023.03.07. 약관 제정 - - <본 서류는 법률 및 내부통제기준에 따라 절차를 거쳐 제공됩니다>"
우리은행,예금,「우리 국민연금 우대 통장」특약,제1조,약관의 적용,"「우리 국민연금 우대 통장」 (이하 ‘이 예금’이라 함) 관련된 거래에는 본 특약
을 적용하며, 본 특약에서 정하지 않은 사항은 「예금거래기본약관」, 「입출금이 자유로운 예금약관」을 적용합니다."
우리은행,예금,「우리 국민연금 우대 통장」특약,제2조,예금과목,이 예금의 과목은 「저축예금」으로 합니다.
우리은행,예금,「우리 국민연금 우대 통장」특약,제3조,가입대상,"이 예금의 가입대상은 실명의 개인으로, 1인 1계좌만 가입 가능합니다."
우리은행,예금,「우리 국민연금 우대 통장」특약,제4조,기본금리,이 예금의 기본금리는 예금 보유일 현재 영업점 및 인터넷 홈페이지에 고시된 금리가 적용됩니다.
우리은행,예금,「우리 국민연금 우대 통장」특약,제5조,우대금리,이 예금의 우대금리는 전월에 국민연금이체 실적인정 기준주1) 충족 시 전월 결산일부터 이번달 결산일 전일까지의 기간동안 매일의 최종 잔액 중 1백만원 이하 구간에 대해서 영업점 및 인터넷 홈페이지에 고시된 우대금리를 제4조의 기본금리에 더하여 적용합니다.
우리은행,예금,「우리 국민연금 우대 통장」특약,제6조,금리 적용 및 이자결산,"① 이 예금의 이자 결산은 매월 셋째주 금요일(결산일이 공휴일인 경우 그 직
전 영업일)에 실시하며, 그 다음날(원가일)에 원금에 더합니다.
② 이 예금의 이자계산은 최초 예금일(또는 지난 원가일)로부터 원가일 전일까 지를 이자계산 기간으로 하여 이자를 계산합니다.
③ 이 예금의 기본금리와 우대금리는 변경될 수 있으며, 변경 시에는 변경일로 부터 바뀐 금리가 적용됩니다.
④ 기본금리와 우대금리 변경 시 그 변경 내용을 영업점이나 인터넷 홈페이지
에 게시합니다."
우리은행,예금,「우리 국민연금 우대 통장」특약,제7조,수수료 면제 및 환율우대,"① 수수료 면제 및 환율우대는 국민연금이체 실적인정 기준주1)을 충족한 달의

다음달 16일부터 그 다음달 15일까지 제공합니다.
② 우리은행 수수료주2) 및 다른은행 수수료주3) 무제한 면제 혜택을 제공하며, 전월에 미사용된 수수료 잔여횟수는 다음달로 이월되지 않습니다. 이 예금 에서 발생하는 거래에 한해 수수료 면제혜택을 제공합니다.
③ 우리은행 영업점에서 주요통화(USD, EUR, JPY) 환전 시 환율우대 80% 혜택
이 제공됩니다."
우리은행,예금,「우리 국민연금 우대 통장」특약,제9조,상품전환,"저축예금인 경우, 다른 예금에서 이 예금으로 전환 또는 이 예금에서 다른 예금으로 전환이 가능합니다."
우리은행,예금,「우리 국민연금 우대 통장」특약,제10조,연계/제휴서비스,"이 예금으로 국민연금이체 실적인정 기준 충족주1)시 제휴사가 제공하는 무료 전기통신 금융사기보험 및 국내 여행패키지 동반자 무료 서비스를 제공합니다.
무료 전기통신 금융사기보험 및 국내 여행패키지 동반자 무료 서비스 관련 자세한 내용은 상품설명서, 우리은행 인터넷 홈페이지에서 확인할 수 있습니다.
우리은행은 연계·제휴서비스 등을 부당하게 축소하거나 변경하지 않으며, 불가 피하게 축소하거나 변경하는 경우 그에 상응하는 다른 연계·제휴서비스를 제공 합니다.
주1) 국민연금이체 실적인정 기준 : 국민연금공단으로부터 이 예금에 「국민연금」이 입금된 경우 주2) 우리은행 수수료
1. 우리은행 전자금융(인터넷, 스마트, 텔레뱅킹)을 통한 다른은행으로의 이체수수료
2. 우리은행 자동화기기 영업시간 외 현금출금수수료
3. 우리은행 자동화기기를 통한 다른은행으로의 이체수수료
4. 자기앞수표 발행 및 통장재발행 수수료 주3) 다른은행 수수료
1. 다른은행 ATM기 이용한 현금출금수수료(단, 은행 외부에 설치된 타행제휴 CD기 및 한컴/효성/나 이스 등 VAN사 CD기에서 출금 시 발생하는 수수료는 면제되지 않음)
2. 타행 자동이체 수수료 (납부자 자동이체 수수료)
※ 본 서류는 법령 및 내부통제기준에 따른 절차를 거쳐 금융소비자에게 제공되는 문서입니다.
부 칙 (변경사항)
기 가입고객 변경일 내 용 관련조항 적용여부
2022.06.03 약관 제정 - -"
우리은행,예금,「우리 더모아 사업자 통장」 특약,제1조,약관의 적용,"「우리 더모아 사업자 통장」 (이하 ‘이 예금’이라 합니다)과 관련된 거래에는
이 특약을 우선 적용하고, 이 특약에서 정하지 않은 사항은 「예금거래기본약관」, 「입출금이 자유로운 예금약관」, 「전자금융거래 기본약관」, 「전자뱅킹서비스 이용약관」을 적용합니다."
우리은행,예금,「우리 더모아 사업자 통장」 특약,제2조,예금과목,이 예금의 예금과목은 기업자유예금입니다.
우리은행,예금,「우리 더모아 사업자 통장」 특약,제3조,가입대상,"이 예금의 가입대상은 실명의 개인사업자로, 1인 1계좌만 가입 가능합니다."
우리은행,예금,「우리 더모아 사업자 통장」 특약,제4조,기본금리,이 예금의 기본금리는 매일의 최종 예금 잔액에 대해 현재 영업점 및우리은행 인터넷 홈페이지에 고시된 금리가 적용됩니다.
우리은행,예금,「우리 더모아 사업자 통장」 특약,제5조,우대금리,"① 이 예금의 우대금리는 아래 표의 각 우대조건 충족 시 매일의 최종 예금 잔액 중 1천만원 이하 금액에 대해서 영업점 및 우리은행 인터넷 홈페이지에 고시된 우대금리를 제4조의 기본금리에 더하여 적용합니다. (단, 매일의 최종 예금 잔액 중 1천만원을 초과하는 금액에 대해서는 제4조의 기본금리만 적용됩니다.) 우대고객 우대조건
이 예금으로 가맹점 매출대금주1) 입금 부수거래 고객 우리은행을 통해 가입한 노란우산 정상 계약주2) 보유 우리은행 계좌를 통해 자동이체주3) 3건 이상 납부 신규 시점 우리은행 입출금통장 미보유주4) 고객 또는 신규/비대면 고객 스마트뱅킹을 통해 가입한 고객 주1) 우리은행에서 정한 신용카드 가맹점, 온라인 플랫폼 관련 매출대금이 이 예금으로 입금되는 경우 주2) 노란우산 계약 해지, 월부금 연체 시 해당되지 않음 주3) 아파트관리비, 지로/펌뱅킹/CMS 자동이체 납부 시 해당되며, 계좌 간 자동이체는 해당되지 않음 주4) 이 예금 신규 시점에 거래중지계좌를 보유한 경우에는 우리은행 입출금통장 미보유에 해당되지 않음

우대고객: 우대조건 부수거래 고객: 이 예금으로 가맹점 매출대금주1) 입금 우리은행을 통해 가입한 노란우산 정상 계약주2) 보유 우리은행 계좌를 통해 자동이체주3) 3건 이상 납부 신규/비대면 고객: 신규 시점 우리은행 입출금통장 미보유주4) 고객 또는 스마트뱅킹을 통해 가입한 고객

② 부수거래 고객 우대금리는 매월 전월말 기준 부수거래 고객 우대조건 충족 개수(1개/2개/3개)를 확인하여 전월 원가일부터 이번달 원가일 전일까지 해당 우대금리를 적용합니다. (단, 이 예금 가입 후 2개월간은 제1항의 부수거래 고
객 우대조건 충족 여부 관계없이 우대금리 기본 제공)
③ 신규/비대면 고객 우대금리는 이 예금 가입일로부터 1년간 적용합니다.
④ 이 예금 해지 시 우대금리는 해지일이 1~9일인 경우 전전월말 기준, 10 일~말일인 경우 전월말 기준 우대조건 충족 여부를 확인하여 직전 원가일로 부터 해지일 전일까지 적용합니다."
우리은행,예금,「우리 더모아 사업자 통장」 특약,제6조,금리 적용 및 이자 결산,"① 이 예금의 이자 결산은 매월 셋째주 금요일(결산일이 관공서의 공휴일에 관한 규정에 의한 관공서의 공휴일, 토요일, 근로자의 날인 경우 그 직전 영업
일)에 실시하며, 그 다음날(원가일)에 원금에 더합니다.
② 이 예금의 이자계산은 최초 예금일(또는 지난 원가일)로부터 원가일 전일 까지를 이자계산 기간으로 하여 이자를 계산합니다.
③ 이 예금의 기본금리와 우대금리는 변경될 수 있으며, 변경 시에는 변경일 로부터 바뀐 금리가 적용됩니다.
④ 이 예금의 기본금리와 우대금리 변경 시 그 변경 내용을 영업점 및 우리은행 인터넷 홈페이지에 게시합니다."
우리은행,예금,「우리 더모아 사업자 통장」 특약,제7조,수수료 면제,"이 예금에서 발생한 거래에 한해 다음 각 호의 수수료 면제 혜택을 제공합니다.
1. 우리은행 전자금융(인터넷, 스마트, 텔레뱅킹)을 통한 타행 이체수수료
2. 우리은행 자동화기기를 통한 영업시간 외 현금출금수수료
3. 우리은행 자동화기기를 통한 타행 이체수수료"
우리은행,예금,「우리 더모아 사업자 통장」 특약,제8조,제한사항,"① 이 예금은 상품 전환을 통해 가입할 수 없습니다.
② 이 예금은 비과세종합저축 예금으로 가입할 수 없습니다.
※ 본 서류는 법령 및 내부통제기준에 따른 절차를 거쳐 금융소비자에게 제공되는 문서입니다.

부 칙 (변경사항)
기 가입고객 변경일 내 용 관련조항 적용여부
2025.05.27. 약관 제정 - -"
우리은행,예금,「우리 중견기업 정기예금」특약,제1조,약관의 적용,"「우리 중견기업 정기예금」 (이하 ‘이 예금’)의 거래는 이 특약을 적용하며, 이 특약 에서 정하지 않은 사항은 「예금거래기본약관」, 「거치식예금약관」, 「계좌간 자동이체 약관」 및 「전자뱅킹서비스 이용약관」을 적용합니다."
우리은행,예금,「우리 중견기업 정기예금」특약,제2조,가입대상,이 예금의 가입대상은 「중견기업 성장촉진 및 경쟁력 강화에 따른 특별법 제2조 제1 호」에 따른 중견기업입니다.
우리은행,예금,「우리 중견기업 정기예금」특약,제3조,예금과목,이 예금의 과목은 정기예금입니다.
우리은행,예금,「우리 중견기업 정기예금」특약,제4조,가입금액,"이 예금의 가입금액은 1백만원 이상 300억원 이하로 다수 계좌 가입이 가능합니다.
단, 계좌당 최소 가입금액은 1백만원이며 1일 상품 가입 한도는 300억원을 초과할 수없습니다."
우리은행,예금,「우리 중견기업 정기예금」특약,제5조,가입방법,이 예금은 우리은행 영업점을 통해 가입할 수 있습니다.
우리은행,예금,「우리 중견기업 정기예금」특약,제6조,계약기간,"이 예금의 계약기간은 1개월 이상 36개월 이하이며, 일 단위로 신규 가능합니다."
우리은행,예금,「우리 중견기업 정기예금」특약,제7조,이율의 적용,이 예금의 기본금리는 가입일 당시 우리은행 영업점 및 인터넷 홈페이지에 고시된 이율을 적용합니다.
우리은행,예금,「우리 중견기업 정기예금」특약,제8조,우대금리,"이 예금은 아래 각 호를 충족할 경우 최대 연 0.2%p 우대금리를 적용합니다.

단, 계약기간 만료 전 중도 해지한 계좌에 대해서는 적용하지 않습니다.
1. 가입일 전전월 말 기준으로 우리은행 여신 및 예·적금 상품을 보유하지 않은 고객 : 연 0.1%p
2. 해지일 전전월 말 기준으로 최근 1년 우리은행 수출입실적 합산 10만불 이상 : 연 0.1%p"
우리은행,예금,「우리 중견기업 정기예금」특약,제9조,이자지급방법,이 예금의 이자지급은 만기일시지급식으로 합니다.
우리은행,예금,「우리 중견기업 정기예금」특약,제10조,중도해지 이자율,이 예금을 만기일 전에 지급 청구할 때에는 가입일 당시 우리은행 영업점 및 인터넷 홈페이지에 고시한 중도해지 이자율을 적용합니다.
우리은행,예금,「우리 중견기업 정기예금」특약,제11조,만기 후 이자율,이 예금은 만기 후 해지 시 만기일 당시 우리은행 영업점 및 인터넷 홈페이지에 고시한 만기 후 이자율을 적용합니다.
우리은행,예금,「우리 중견기업 정기예금」특약,제12조,분할해지,"이 예금은 계약기간 중 총 3회(만기해지 포함)까지 분할해지를 할 수 있으며, 분할해지된 금액에 대해서는 제10조 중도해지 이자율을 적용합니다. 다만, 분할해지 후잔액이 최소 가입금액 미만인 경우에는 분할해지가 불가합니다."
우리은행,예금,「우리 중견기업 정기예금」특약,제13조,세제혜택,이 예금은 비과세종합저축으로 가입할 수 없습니다.
우리은행,예금,「우리 중견기업 정기예금」특약,제14조,계약해지방법,"이 예금은 우리은행 영업점 및 인터넷뱅킹, 스마트뱅킹을 통한 해지가 가능합니다. 다만, 만기가 휴일(관공서의 공휴일에 관한 규정에 의한 관공서의 공휴일, 토요일, 근로자
의 날)이어서 그 전 영업일에 해지할 경우 ‘만기 앞당김 지급’과 ‘중도해지’가 아닌 ‘만기 해지’로 적용되며, 이자는 일수로 계산하여 지급합니다."
우리은행,예금,「우리 중견기업 정기예금」특약,제15조,제한사항,"이 예금은 공동명의 가입, 양도에 의한 명의변경이 불가합니다.
부 칙 (변경사항)
기 가입고객 변경일 내 용 관련조항 적용여부
2024.04.01. 약관 제정 - - <본 서류는 법률 및 내부통제기준에 따라 절차를 거쳐 제공됩니다>"
우리은행,예금,「우리 첫거래우대 정기예금」 특약,제1조,약관의 적용,"「우리 첫거래우대 정기예금」 (이하 ‘이 예금’이라 합니다)의 거래는 이 특약을 적용하며,
이 특약에서 정하지 아니한 사항은 「예금거래기본약관」, 「거치식예금약관」, 「전자뱅킹서비스 이용약관」을 적용합니다."
우리은행,예금,「우리 첫거래우대 정기예금」 특약,제2조,예금과목,이 예금의 과목은 정기예금으로 합니다.
우리은행,예금,「우리 첫거래우대 정기예금」 특약,제3조,가입대상,이 예금의 가입대상은 실명의 개인으로 합니다.
우리은행,예금,「우리 첫거래우대 정기예금」 특약,제4조,가입방법,이 예금은 우리은행 “스마트뱅킹”을 통해 가입 가능합니다.
우리은행,예금,「우리 첫거래우대 정기예금」 특약,제5조,계약기간,"이 예금의 계약기간은 6개월 이상 36개월 이하이며, 월·일 단위로 신규 가능합니다."
우리은행,예금,「우리 첫거래우대 정기예금」 특약,제6조,가입금액,이 예금의 신규 및 재예치 가능금액은 1백만원 이상 50백만원 이하이며 1백만원 단위로 가입 가능합니다.
우리은행,예금,「우리 첫거래우대 정기예금」 특약,제7조,기본금리,이 예금의 기본금리는 신규일 (재예치일) 당시 우리은행 영업점과 인터넷 홈페이지에 고시된 계약기간별 이자율을 적용합니다.
우리은행,예금,「우리 첫거래우대 정기예금」 특약,제8조,우대이율,"이 예금은 아래 조건 충족할 경우 최대 연 1.0%p까지 우대이율을 제공합니다. 단, 우리 은행 상품·서비스 마케팅 동의항목 중 전화(휴대폰), SMS 항목 중 하나 이상을 동의한 후만기 해지시점까지 유지한 경우 제공되며, 계약기간 만료 전 중도 해지한 계좌에 대해서는 적용하지 않습니다.
① 신규 직전년도 말일 기준 우리은행 계좌를 보유하지 않은 경우 – 연 1.0%p
② 직전 1년간주1) 우리은행 예·적금(입출금 제외) 상품을 보유하지 않은 경우 – 연 0.4%p
③ 우리 오픈뱅킹 서비스주2)가입 및 만기까지 유지한 경우 - 연 0.4%p
※ 주1) 직전 1년 : 이 예금 신규 월로부터 1년 전 ~ 예금 신규 전전월 말까지 주2) 우리오픈뱅킹 서비스 : 오픈뱅킹 공동업무를 활용하여 우리은행이 이용자에게 제공하는 금융거래 서비스"
우리은행,예금,「우리 첫거래우대 정기예금」 특약,제9조,이자지급방법,이 예금의 이자지급방법은 이자를 만기에 일시 지급하는 만기일시지급식으로 합니다.
우리은행,예금,「우리 첫거래우대 정기예금」 특약,제10조,중도해지이율,이 예금은 중도해지 시 신규일(또는 재예치일) 당시 영업점 및 인터넷 홈페이지에 고시한 중도해지이율을 적용합니다.
우리은행,예금,「우리 첫거래우대 정기예금」 특약,제11조,만기 후 이율,이 예금은 만기 후 해지 시 만기일 당시 영업점 및 인터넷 홈페이지에 고시한 일반 정기예금의 만기 후 이율을 적용합니다.
우리은행,예금,「우리 첫거래우대 정기예금」 특약,제12조,분할해지,"이 예금은 만기해지를 포함하여 총3회에 한하여 분할해지가 가능하며, 분할해지 시 분할 해지된 금액에 대해서는 중도해지이율을 적용합니다. 분할해지 후 잔액이 최소 가입금액 미만인 경우에는 분할해지가 불가합니다."
우리은행,예금,「우리 첫거래우대 정기예금」 특약,제13조,제한사항,"이 예금은 공동명의로 가입할 수 없습니다.
※ 본 서류는 법령 및 내부통제기준에 따른 절차를 거쳐 금융소비자에게 제공되는 문서입니다.
부 칙 (변경사항)
기 가입고객 변경일 내 용 관련조항 적용여부
2022.04.01 약관 제정 - -
2022.11.22 약관 변경 제6조, 제8조 미적용"
우리은행,예금,「우리 청년약속 통장」특약,제1조,약관의 적용,"「우리 청년약속 통장」(이하 ‘이 통장’이라 합니다)과 관련된 거래에는 본 약관을 적용하고, 본 약관
에 언급되지 않은 사항은 「입출금이 자유로운 예금약관」, 「예금거래기본약관」, 「전자금융거래 기본 약관」을 적용합니다."
우리은행,예금,「우리 청년약속 통장」특약,제2조,가입대상 및 제한,이 예금은 만 19세 이상 만 39세 이하이며 연소득 36백만원 이하인 무주택 실명의 개인이 1인 1계 좌에 한하여 개설할 수 있습니다.
우리은행,예금,「우리 청년약속 통장」특약,제3조,예금과목,이 예금의 과목은 「저축예금」으로 합니다.
우리은행,예금,「우리 청년약속 통장」특약,제4조,이자율적용 및 이자결산,"① 이 통장의 기본이자율은 예금 보유일 현재 영업점 및 인터넷 홈페이지에 고시된 이자율
이 적용됩니다.
② 이자는 매월 셋째 토요일(원가일)에 원금에 더합니다.
③ 이자계산은 최초 예금일(또는 지난 원가일)로 부터 원가일 전일까지를 이자계산 기간으로 하여 이자를 계산합니다.
④ 이 통장의 적용 이자율은 변경될 수 있으며, 이자율 변경 시에는 변경일로부터 바뀐 이자 율이 적용됩니다.
⑤ 적용 이자율 변경 시 그 변경 내용을 영업점이나 인터넷홈페이지에 게시합니다."
우리은행,예금,「우리 청년약속 통장」특약,제5조,수수료 면제,"이 통장에서 발생하는 거래에 한해 우리은행 출금 이체 수수료주1) 면제합니다.
주1) 우리은행 출금 이체 수수료
1. 우리은행 전자금융(인터넷, 스마트, 텔레뱅킹)을 통한 다른은행으로의 이체수수료
2. 우리은행 자동화기기 영업시간 외 현금출금수수료
3. 우리은행 자동화기기를 통한 다른은행으로의 이체수수료"
우리은행,예금,「우리 청년약속 통장」특약,제6조,주택청약종합저축 지원금 캐시백,"이 예금 가입자가 아래 조건을 모두 충족하는 경우 1년간 매월 1만원씩 캐시백주2) 입금됩니다.
① 이 예금 가입월의 월초부터 월말까지 당행 주택청약종합저축을 신규 가입
② 이 통장에서 전월 급여이체 실적주3)이 있는 경우
③ 전월기준 주택청약종합저축 납입 실적주4)이 있는 경우 주2) 조건 충족 후 WON뱅킹을 통하여 캐시백 신청 시 본 통장으로 입금.
※ 캐시백 미신청시 입금되지 않으며 다음달로 이월되지 않음 주3) 급여이체 실적 : 아래 중 하나 이상 충족한 경우
1. 고객이 지정한 이체일 기준으로 이 통장에 50만원 이상 입금한 경우 (지정한 이체일에 입금되어야 인정되며 지정한 이체일이 휴일인 경우 전/후 영업일에 입금된 경우도 포함하여 이체 여부를 확인)
2. 이 통장 적요란의 문구에 “급여”, “월급”, “급료”, “수당”이 인쇄된 이체실적이 월 50만원 이상인 경우
3. 급여이체 등록한 고객이 통장 적요란의 문구에 고객기본정보의 직장명과 동일하게 인쇄된 이체실적이 월 50만원 이상인 경우
※ 단, 개인명의의 계좌에서 이체된 자금은 실적인정에서 제외 주4) 직전월의 월초부터 말일까지 주택청약종합저축 납입 실적 보유 시(자동이체 포함)
※ 납입일 기준으로 해당월 이전에 선납은 인정되지 않음
※ 직전월의 말일이 휴일인 경우 다음 영업일 입금까지 인정"
우리은행,예금,「우리 청년약속 통장」특약,제7조,한도제한계좌 자동해제,"본 통장으로 매월 1회이상, 월누적 금액 1백만원 이상 3개월동안 급여이체 입금 확인 시 한도제한계좌 자동 해제
※ 본 서류는 법령 및 내부통제기준에 따른 절차를 거쳐 금융소비자에게 제공되는 문서입니다.
부 칙 (변경사항)
기 가입고객 변경일 내 용 관련조항 적용여부
2022.10.06 약관 제정 - -"
우리은행,예금,「우리특판정기예금」특약,제1조,약관의 적용,"「우리 특판 정기예금」 (이하 ‘이 예금’) 의 거래는 이 특약을 적용하며, 이특약에서 정하지 않은 사항은 「예금거래기본약관」 , 「거치식예금약관」을 적용합니다."
우리은행,예금,「우리특판정기예금」특약,제2조,상품정의,"이 예금은 은행이 회차별로 별도의 판매기간을 정하여 판매합니다. 단, 판매 기간, 계약기간 또는 판매한도는 영업점과 은행 홈페이지에 게시합니다."
우리은행,예금,「우리특판정기예금」특약,제3조,가입대상,이 예금의 가입대상은 실명의 개인입니다.
우리은행,예금,「우리특판정기예금」특약,제4조,예금과목,이 예금의 예금과목은 정기예금으로 합니다.
우리은행,예금,「우리특판정기예금」특약,제5조,가입금액,이 예금은 1백만원 이상으로 가입할 수 있습니다.
우리은행,예금,「우리특판정기예금」특약,제6조,계약기간,"이 예금의 계약기간은 6개월, 12개월, 18개월 중에서 모집 회차별로 정합니다."
우리은행,예금,「우리특판정기예금」특약,제7조,기본금리,이 예금은 신규 시점 우리은행 영업점 및 홈페이지에 고시된 기본금리가 적용됩니다.
우리은행,예금,「우리특판정기예금」특약,제8조,우대금리,"이 예금은 아래의 조건에 따라 우대금리를 만기 해지 시 제공합니다. 단, 분할 지급 및 중도해지 시에는 제공하지 않습니다.
① 계약기간 6개월 상품 가입 시 : 연 0.8%p
② 계약기간 12개월 상품 가입 시 : 연 1.0%p
③ 계약기간 18개월 상품 가입 시 : 연 1.2%p"
우리은행,예금,「우리특판정기예금」특약,제9조,이자지급방법,이 예금의 이자는 만기에 일시지급 됩니다.
우리은행,예금,「우리특판정기예금」특약,제10조,중도해지 이자율,이 예금을 만기일 전에 지급 청구할 때에는 신규일 당시 영업점 및 우리은행 홈페이지에 고시한 중도해지 이자율을 적용합니다.
우리은행,예금,「우리특판정기예금」특약,제11조,만기 후 이자율,이 예금은 만기 후 해지 시 만기일 당시 영업점 및 우리은행 홈페이지에 고시한 만기 후 이자율을 적용합니다.
우리은행,예금,「우리특판정기예금」특약,제12조,세제혜택,이 예금은 가입자 본인의 한도 내에서 비과세종합저축으로 가입할 수 있습니다.
우리은행,예금,「우리특판정기예금」특약,제13조,계약 해지방법,"이 예금은 은행 창구 방문 및 인터넷⦁스마트뱅킹을 통한 해지가 가능합니다.
※ 만기가 휴일인 경우, 전 영업일에 해지를 할 경우 ‘만기앞당김 지급’과 ‘중도해지’가 아닌 ‘만기해지’로 적용되며, 이자는 일수로 계산하여 지급"
우리은행,예금,「우리특판정기예금」특약,제14조,분할지급,"이 예금은 만기일 이전 총 2회까지 분할지급이 가능하며, 분할지급된 금액에는 중도해지금리를 적용합니다."
우리은행,예금,「우리특판정기예금」특약,제15조,제한사항,"이 예금은 공동명의로 가입할 수 없습니다.
※ 본 서류는 법령 및 내부통제기준에 따른 절차를 거쳐 금융소비자에게 제공되는 문서입니다.
부 칙 (변경사항)
기 가입고객 변경일 내 용 관련조항 적용여부
2019.2.20 약관 제정 - -"
우리은행,예금,「우리닷컴통장」 특약,제1조,약관의 적용,"「우리닷컴통장」 (이하 ‘이 예금’이라 합니다)의 거래에는 이 특약을 적용하며,
이 특약에서 정하지 아니한 사항은 「예금거래기본약관」, 「입출금이 자유로운 예금약관」, 「전자금융거래 기본약관」, 「인터넷뱅킹서비스 이용약관」, 「모바일뱅킹서비스 이용약관」
을 적용합니다."
우리은행,예금,「우리닷컴통장」 특약,제2조,가입대상,이 통장의 가입대상은 실명의 개인으로 합니다.
우리은행,예금,「우리닷컴통장」 특약,제3조,예금과목,"이 통장은 보통예금 또는 저축예금을 기본계좌 (이하 “기본계좌” 라 한다)로 하며, 거치식, 적립식 예금·신탁 및 외화예금 등 인터넷으로 신규 가능한 예금을 연결계좌 (이하 “연결계좌”라 한다)로 한다."
우리은행,예금,「우리닷컴통장」 특약,제4조,이자,"이 통장의 이자는 개별상품의 약관에 정한 바에 따른다. 다만, 이 통장의 기본계좌는 은행이 정한 소액예금으로 이자 미지급 대상일 경우에도 소정의 이자를 지급한다."
우리은행,예금,「우리닷컴통장」 특약,제5조,가입방법,"① 이 통장의 기본계좌 신규는 거래처의 요청에 의하여 은행 영업점 창구 (이하 “창구” 라 한다)에서 신규한다.
② 기존 통장을 이 통장으로 전환하는 방법은 다음과 같다.
1. 창구에서 거래처의 요청에 의하여 기존의 보통예금 또는 저축예금을
이 통장의 기본계좌로 전환한다.
2. 거래처 본인이 인터넷 등 전자금융을 이용하여 기존의 보통예금 또는 저축예금을 이 통장의 기본계좌로 전환한다."
우리은행,예금,「우리닷컴통장」 특약,제6조,거래방법,"① 이 통장의 모든 거래는 원칙적으로 자동화기기 또는 인터넷뱅킹, 텔레뱅킹 등전자금융을 이용하여 거래를 하여야 한다.
② 창구를 통한 출금 및 자금이체 거래를 월 1회 초과하여 요청한 경우 가입자는 창구거래 수수료를 납부하여야 한다.

③ 창구거래수수료란, 비대면채널 전용통장인 이 예금의 거래자가 전자금융을 통해 은행 거래를 하지 않고 영업점 창구를 이용하여 출금 또는 계좌 이체 등을 하는 경우에 추가 적으로 부과되는 수수료이다.
④ 제2항에도 불구하고 아래 각 호의 경우 추가적으로 부과되는 창구거래 수수료는 면제된다.
1. 본인계좌입금을 위한 창구거래
2. 이 예금의 거래자가 200만원 이상의 창구거래를 할 경우
3. 전자금융 매체 장애로 인해 창구거래가 불가피한 경우
4. 전자화폐 충전을 위한 창구거래"
우리은행,예금,「우리닷컴통장」 특약,제7조,통장발행,"이 통장은 별도로 통장을 발급하지 않는다. 다만, 은행은 거래처가 통장 발급을 요청하는 경우 소정의 수수료를 징구하고 이 통장을 일반통장으로 전환한 후 통장을 발급한다."
우리은행,예금,「우리닷컴통장」 특약,제8조,제한사항,"① 보통예금 또는 저축예금을 이 통장의 기본계좌로 전환하는 경우 전환과 동시에 전환 전 통장은 사용할 수 없다.
② 이 통장의 기본계좌를 일반통장으로 전환하는 경우 전환 시점부터 부가서비스가 중지된다.
③ 이 통장 연결계좌의 신규 및 해지는 인터넷뱅킹 거래를 원칙으로 한다."
우리은행,예금,「우리닷컴통장」 특약,제9조,부가서비스,"① e-mail 통지 신청고객에 한해 우리닷컴통장의 전월 거래내역을 월 1회 e-mail을 발송한다.
② 거래내역 조회는 최근 10년까지 가능하다.
③ 인터넷뱅킹으로 환전 및 해외송금시 환율우대 서비스를 제공한다.
④ SMS통지서비스 수수료 우대를 제공한다.
⑤ 전월기준 이 통장의 월평잔이 10만원 이상이거나 이 통장을 마이너스통장대출 약정 계좌로 등록해 놓은 경우, 이번 달 16일부터 다음 달 15일까지 우리은행 전자금융 (인터넷뱅킹, 스마트뱅킹, 텔레뱅킹)을 통한 다른은행으로 이체수수료
월 10회 면제 혜택을 제공한다.
⑥ 우리WON뱅킹 앱설치 및 로그인시 우리은행 자동화기기 이용수수료 월 10회 면제 혜택을 제공한다.
※ 본 서류는 법령 및 내부통제기준에 따른 절차를 거쳐 금융소비자에게 제공되는 문서입니다.

부 칙 (변경사항) 기변경일 내 용 관련조항 가입고객 적용여부
- 창구거래수수료 부과기준, 설명, 면제대상
2015.04.28 제6조 적용 추가
2016.01.18 - 부가서비스 변경 제9조 적용
2023.08.07 - 부가서비스 제공조건 변경 제9조 적용"
우리은행,예금,「우리보조금관리통장」특약,제 1조,(약관의 적용),"「우리보조금관리통장」(이하 “이 예금”이라고 한다)과 관련된 거래에는 본 약관을 적용하고, 본 약관에 언급되지 않은 사항은 [입출금이 자유로운 예금약관], [예금거래 기본약관]을 적용합니다."
우리은행,예금,「우리보조금관리통장」특약,제 2조,(정의),"이 예금은 민간단체 공익활동 지원을 위한 보조금 관리 전용통장으로서, 보조금 입금 실적을 보유한 고객에게 수수료 면제 서비스를 제공하는 입출금이 자유로운 상품입니다."
우리은행,예금,「우리보조금관리통장」특약,제 3조,(예금의 종류),"이 예금의 예금과목은 보통예금, 저축예금, 기업자유예금으로 합니다."
우리은행,예금,「우리보조금관리통장」특약,제 4조,(가입대상),"이 예금의 가입대상은 지자체, 국가기관 등으로부터 선정된 보조금 수혜 민간단체(개인, 개인사업자, 법인 등)에 한합니다.
※ 신규시점에 가입대상을 확인할 수 있는 증명서류(보조금 전용통장 개설 확인서 또는 해당 보조금 사업 협약서)를 제출하여야 가입 가능합니다."
우리은행,예금,「우리보조금관리통장」특약,제 5조,(이자율적용),"① 이 예금은 예금보유일 현재 영업점 및 인터넷홈페이지에 고시한 이자율을 적용합니다.
② 이자는 3월, 6월, 9월, 12월의 셋째 토요일(원가일)에 원금에 더합니다.
③ 이자계산은 최초 예금일(또는 지난 원가일)로부터 원가일 전일까지를 이자계산 기간으로 하고, 매일의 최종 잔액에 대하여 영업점 및 인터넷 홈페이지에 고시된 이자율로 이자를 계산합니다.
④ 이 예금의 적용 이자율은 변경될 수 있으며, 이자율변경 시에는 변경일로부터 바뀐 이자율이 적용됩니다.
⑤ 적용이자율 변경 시 그 변경 내용은 영업점 및 인터넷홈페이지에 고시됩니다."
우리은행,예금,「우리보조금관리통장」특약,제 6조,(수수료 면제 혜택),"① 이 예금에 보조금 입금 실적주)이 있는 경우 이 예금 관련 다음 각 호에 명시된 수수료가 면제됩니다.
1. 전자금융(인터넷, 모바일, 텔레뱅킹) 이용한 다른 은행으로의 이체수수료
2. 우리은행 자동화기기 이용한 다른 은행으로의 이체수수료
3. 우리은행 자동화기기 이용한 영업시간 외 현금출금수수료 (주)지방자치단체로부터의 공금입금 실적 또는 해당 보조금 사업 담당 기관 등으로부터의 지원 자금 입금 실적을 말함

② 수수료 면제 혜택의 제공 기간은 이 예금에 보조금 입금 실적이 발생한 날이 속한 달의 다음달 16일부터 1년간입니다.
③ 수수료는 보조금 입금실적이 발생할 때마다 1년씩 자동으로 체크되며, 마지막 입금 실적이 발생한 날을 기준으로 1년이 최종 면제 기일이 된다. 단, 보조금 관리 통장 해지 및 상품전환 시에는 수수료 면제 혜택이 종료된다.
※ 해당 약관은 법령 및 내부통제기준에 따른 절차를 거쳐 제공됩니다."
우리은행,예금,『우리 행복 지킴이 통장』 특약,제1조,약관의 적용,"법령에 따라 압류가 금지되는 수급금 등에 대한 압류를 방지하기 위하여 「우리 행복 지킴이 통장」(이하 ‘이 예금’이라 함)의 거래에는 이 특약을 적용하며, 이 특약에서 정하지 않은 사항에 대하여는 ｢입출금이 자유로운 약관｣, ｢예금거래기본약관｣을 순서대
로 적용합니다."
우리은행,예금,『우리 행복 지킴이 통장』 특약,제2조,예금과목,이 예금의 예금과목은 저축예금으로 합니다.
우리은행,예금,『우리 행복 지킴이 통장』 특약,제3조,가입대상,"이 예금의 가입대상은 다음 각 항에서 정하는 실명의 개인으로 합니다.
① 「국민기초생활보장법」에서 정하는 기초생활수급자
② 「기초연금법」에서 정하는 기초연금 수급자
③ 「장애인연금법」에서 정하는 장애인연금 수급자
④ 「장애인복지법」에서 정하는 장애수당, 장애아동수당 수급자
⑤ 「한부모가족지원법」에서 정하는 한부모가족지원급여 수급자
⑥ 「국민건강보험법」에서 정하는 요양비등 수급자
⑦ 「긴급복지지원법」에서 정하는 긴급지원대상자
⑧ 「어선원 및 어선 재해보상보험법」에서 정하는 어선원 보험의 보험급여 대상자
⑨ 「노인장기요양보험법」에서 정하는 특별현금급여 수급자
⑩ 「아동수당법」에서 정하는 아동수당 수급자
⑪ 「중소기업협동조합법」에서 정하는 소기업‧소상공인공제금 수급자
⑫ 「아동복지법」에서 정하는 자립정착금, 자립수당 수급자
⑬ 「재난적의료비 지원에 관한 법률」에서 정하는 지원금액 수급자
⑭ 「아동수당법」에서 정하는 영아수당 수급자
⑮ 「의료급여법」에서 정하는 의료급여 수급자
⑯ 「고용보험법」에서 정하는 실업급여 수급자
⑰ 「구직자 취업촉진 및 생활안정지원에 관한 법률」에서 정하는 구직촉진수당 수급자
⑱ 「산업재해보상보험법」에서 정하는 산재보험급여 수급자
⑲ 「임금채권보장법」에서 정하는 대지급금 수급자
⑳ 「건설근로자의 고용개선 등에 관한 법률」에서 정하는 퇴직공제금 수급자 ㉑ 「영유아보육법」에서 정하는 양육수당 수급자"
우리은행,예금,『우리 행복 지킴이 통장』 특약,제4조,입금제한,"이 예금으로의 입금은 법령에 따라 제3조의 가입대상에게 지급되는 압류 금지 수급금 등에 한하며, 그 이외는 입금할 수 없습니다."
우리은행,예금,『우리 행복 지킴이 통장』 특약,제5조,거래제한,"① 이 예금은 은행이 상계할 수 없습니다.
② 이 예금은 양도 및 담보제공 할 수 없습니다.
③ 이 예금은 통장대출의 대출계좌로 사용할 수 없습니다.
④ 이 예금을 신용카드 결제계좌나 공과금 등 대금납부 목적의 계좌로 지정한 경우에, 결제·납부금액이 부족하거나 결제·납부취소 등이 발생한 때에는 제4조의 입금제한 (입금은 수급금에 한한다)에 따라 고객이 영업점 창구에서 결제·납부금액을 직접 납부하거나 별도 지정계좌로의 입금 또는 직접 수령하는 방법으로 처리하여야 합니다."
우리은행,예금,『우리 행복 지킴이 통장』 특약,제6조,금리적용 및 이자결산,"① 이 예금은 신규일 당일 영업점이나 인터넷 홈페이지에 고시된 금리가 적용됩니다.
② 이자는 매월 셋째 토요일(원가일)에 원금에 더합니다.
③ 이자계산은 최초 예금일(또는 지난 원가일)로 부터 원가일 전일까지를 이자계산 기간으로 하고, 매일의 잔액에 대하여 영업점에 고시된 이율로 이자를 계산합니다.
④ 이 통장의 적용 이율은 변경될 수 있으며, 이율 변경시에는 변경일로부터 바뀐 이자가 적용됩니다."
우리은행,예금,『우리 행복 지킴이 통장』 특약,제7조,세제혜택,이 예금은 비과세종합저축으로 가입할 수 있습니다.
우리은행,예금,『우리 행복 지킴이 통장』 특약,제8조,수수료 혜택,"이 예금은 타행이체 송금 수수료 및 당행 자동화기기 이용 수수료를 면제합니다.
※ 본 서류는 법령 및 내부통제기준에 따른 절차를 거쳐 금융소비자에게 제공되는 문서입니다.

부 칙 (변경사항) 기가입고객 변경일 내 용 관련조항 적용여부
2012.03.22 가입대상 확대 제3조 적용
2014.08.01 가입대상 확대 및 용어변경 제3조 적용
2014.11.21 가입대상 확대 제3조 적용
2015.01.01 세법 개정에 따른 용어변경 제7조 적용
2015.07.17 가입대상 확대 제3조 적용
2015.08.25 가입대상 확대 제3조 적용
2017.06.05 가입대상 확대 제3조 적용
2018.06.20. 가입대상 확대 제3조 적용
2018.09.13 가입대상 확대 제3조 적용
2019.04.01 가입대상 확대 제3조 적용
2020.11.26 가입대상 확대 제3조 적용
2022.04.07 가입대상 확대 제3조 적용
2023.10.04 가입대상 확대 제3조 적용
2024.03.18 가입대상 확대 제3조 적용
2024.08.14 가입대상 확대 제3조 적용"
우리은행,예금,「우월한 월급 통장」특약,제1조,약관의 적용,"「우월한 월급 통장」 (이하 ‘이 예금’이라 합니다) 관련된 거래에는 본 특약을 적용하며, 본 특약에서 정하지 않은 사항은 「예금거래기본약관」, 「입출금이 자유로운 예금약관」, 「전자금융거래 기본약관」, 「전자뱅킹서비스 이용약관」을 적용합니다."
우리은행,예금,「우월한 월급 통장」특약,제2조,예금과목,이 예금의 과목은 「저축예금」으로 합니다.
우리은행,예금,「우월한 월급 통장」특약,제3조,가입대상,"이 예금의 가입대상은 실명의 개인으로, 1인 1계좌만 가입 가능합니다."
우리은행,예금,「우월한 월급 통장」특약,제4조,기본금리,이 예금의 기본금리는 매일의 최종 예금 잔액에 대해 현재 영업점 및 인터넷 홈페이지에 고시된 금리가 적용됩니다.
우리은행,예금,「우월한 월급 통장」특약,제5조,우대금리,"이 예금은 전월에 다음 각 호의 우대 조건 충족 시 전월 결산일부터 이번달 결산일 전일까지의 기간동안 매일의 최종 잔액 중 2백만원 이하 구간에 대해서 영업점 및 인터넷 홈페이지에 고시된 우대금리를 제4조의 기본금리에 더하여 적용합니다. 매일의 최종 예금 잔액 중 2백만원을 초과하는 금액의 경우에는 기본금리만 적용됩니다.
1. 전월에 이 예금으로 급여이체 실적주1) 충족시
2. 이 예금 가입일 기준 직전반기 6개월동안 우리은행에 급여이체가 없었던 고객이 급여이체 실적주1) 충족시(단, 가입일로부터 1년 동안 적용)"
우리은행,예금,「우월한 월급 통장」특약,제6조,금리 적용 및 이자결산,"① 이 예금의 이자 결산은 매월 셋째주 금요일(결산일이 관공서의 공휴일에 관한 규정에 의한 관공서의 공휴일, 토요일, 근로자의 날인 경우 그 직전 영업
일)에 실시하며, 그 다음날(원가일)에 원금에 더합니다.
② 이 예금의 이자계산은 최초 예금일(또는 지난 원가일)로부터 원가일 전일까 지를 이자계산 기간으로 하여 이자를 계산합니다.
③ 이 예금의 기본금리와 우대금리는 변경될 수 있으며, 변경 시에는 변경일로

부터 바뀐 금리가 적용됩니다.
④ 이 예금의 기본금리와 우대금리 변경 시 그 변경 내용을 영업점 및 인터넷 홈페이지에 게시합니다."
우리은행,예금,「우월한 월급 통장」특약,제7조,수수료 면제,"① 수수료 면제는 급여이체 실적주1)을 충족한 달의 다음달 16일부터 그 다음달 15일까지 제공합니다.
② 우리은행 수수료주2) 및 다른은행 수수료에 대해주3) 횟수 제한 없이 면제 혜택을 제공하며, 전월에 미사용된 수수료 잔여횟수는 다음달로 이월되지 않습니다. 단, 이 예금에서 발생하는 거래에 한해 수수료 면제혜택을 제공합니
다."
우리은행,예금,「우월한 월급 통장」특약,제8조,상품전환,"최초 개설일 2개월 이내의 저축예금에 한하여 이 예금으로 전환이 가능합니다.
주1) 급여이체 실적 : 아래 중 하나 이상 충족한 경우
1. 고객이 지정한 이체일 기준으로 이 통장에 100만원 이상 입금한 경우 (지정한 이체일에 입금되어야 인정되며 지정한 이체일이 관공서의 공휴일에 관한 규정에 의한 관공서의 공휴일, 토요일, 근로자의 날인 경우 그 전/후 영업일에 입금된 경우도 포함하여 이체 여부를 확인)
2. 이 통장 적요란의 문구에 “급여”, “월급”, “급료”, “수당”이 인쇄된 이체실적이 월 100만원 이상인 경우
3. 급여이체 등록한 고객이 통장 적요란의 문구에 고객기본정보의 직장명과 동일하게 인쇄된 이체실적이 월 100만원 이상인 경우 주2) 우리은행 수수료
1. 우리은행 전자금융(인터넷, 스마트, 텔레뱅킹)을 통한 다른은행으로의 이체수수료
2. 우리은행 자동화기기 영업시간 외 현금출금수수료
3. 우리은행 자동화기기를 통한 다른은행으로의 이체수수료
4. 자기앞수표 발행 및 통장재발행 수수료 주3) 다른은행 수수료
1. 다른은행 ATM기 이용한 현금출금수수료(단, 은행 외부에 설치된 타행제휴 CD기 및 한컴/효성/나 이스 등 VAN사 CD기에서 출금 시 발생하는 수수료는 면제되지 않음)
2. 타행 자동이체 수수료 (납부자 자동이체 수수료)
※ 본 서류는 법령 및 내부통제기준에 따른 절차를 거쳐 금융소비자에게 제공되는 문서입니다.
부 칙 (변경사항)
기 가입고객 변경일 내 용 관련조항 적용여부
2025.03.28 약관 제정 - -"
우리은행,예금,「위비 모바일 통장」 특약,제1조,약관의 적용,"「위비 모바일 통장」 (이하 ‘이 예금’이라 합니다)의 거래에는 이 특약을 적용하며,
이 특약에서 정하지 아니한 사항은 「예금거래기본약관」, 「입출금이 자유로운 예금약관」, 「전자금융거래 기본약관」, 「인터넷뱅킹서비스 이용약관」, 「모바일뱅킹서비스 이용약관」
을 적용합니다."
우리은행,예금,「위비 모바일 통장」 특약,제2조,가입대상,이 통장의 가입대상은 실명의 개인으로 합니다.
우리은행,예금,「위비 모바일 통장」 특약,제3조,예금과목,이 통장은 저축예금으로 합니다.
우리은행,예금,「위비 모바일 통장」 특약,제4조,우대조건,"아래의 우대조건을 충족할 경우 제5조와 제6조의 금리와 수수료 우대 혜택을 제공합니다.
① 위비뱅크앱을 설치하고, 최초 로그인 기록을 보유한 경우
② 위비뱅크 전용 상품(서비스)주1) 중 1건 이상 이용실적을 보유한 경우 주1) 위비뱅크 전용 상품(서비스)이란 위비뱅크에서 이용 가능한 위비예금, 위비대출, 위비페이, 여행자보험, 온국민환전을 말함
③ 우리은행 대학생ID카드를 발급받고 이용하는 경우
④ 친구번호 등록주2) 실적이 있는 경우 주2) 위비뱅크 앱 內 ‘친구초대’ 기능을 이용하여 ‘초대받은 사람’이 위비앱을 설치하고 회원가입 (로그인)할 때 이 통장의 예금주가 발송한 친구번호를 입력하는 것을 말함"
우리은행,예금,「위비 모바일 통장」 특약,제5조,금리적용 및 이자결산,"① 이 통장의 기본 금리는 영업점 및 인터넷 홈페이지에 게시된 해당 예금의 금리를 적용합니다.
② 이 통장은 제4조 제2항 또는 제4조 제3항의 우대조건 충족 시 본 조 제1항의 기본금리에 0.1%p의 우대금리를 더하여 적용합니다.
③ 이자는 매월 셋째 주 토요일(원가일)에 원금에 더합니다.
④ 이자계산은 최초 예금일 (또는 지난 원가일)로부터 해당 원가일 전일까지를 이자계산 기간으로 하고, 매일의 잔액에 대하여 영업점 및 인터넷 홈페이지에 게시된 금리로 이자를 계산합니다.

⑤ 이 통장의 적용금리는 변경될 수 있으며, 금리 변경 시에는 변경일로부터 바뀐 금리가 적용됩니다.
⑥ 적용금리 변경 시 그 변경 내용을 영업점이나 인터넷 홈페이지에 게시합니다."
우리은행,예금,「위비 모바일 통장」 특약,제6조,수수료 우대,"① 제4조 제1항의 우대조건을 충족할 경우, 우리은행 전자금융(인터넷뱅킹, 스마트 뱅킹, 텔레뱅킹)을 이용 한 다른은행으로의 이체수수료 및 우리은행 자동화기기
를 이용한 다른은행으로의 이체수수료와 우리은행 자동화기기 영업시간 외 현금 출금수수료를 모두 합하여 월 10회 면제합니다.
② 제4조 제2항 또는 제4조 제3항의 우대조건을 충족할 경우, 다른은행 자동화기 기를 통한 현금출금 수수료주3)를 월 3회 면제합니다.
주3) 은행 외부에 설치된 다른은행 제휴CD기 및 한컴/효성/나이스 등 VAN사 CD기 이용시에는 ‘다른은행 자동화기기를 통한 현금출금 수수료’ 면제혜택이 제공되지 않습니다.
③ 제2항의 수수료 우대 혜택을 제공받으면서 제4조 제4항의 우대조건을 충족할 경우 등록된 친구번호 1건당 ‘다른은행 자동화기기를 통한 현금출금 수수료’ 월 1회 추가면제 혜택을 제공하며 월 최대 7회까지 추가면제 혜택을 제공합니다.
④ 수수료 우대혜택은 전월기준으로 제4조의 우대조건을 충족할 경우 이번 달 16 일부터 다음달 15일까지 제공합니다."
우리은행,예금,「위비 모바일 통장」 특약,제7조,제한사항,"① 이 통장은 1인 1계좌로 가입할 수 있습니다.
② 이 통장은 ‘위비뱅크’ 서비스가 종료되는 경우에 「WON 통장」으로 자동전환됩니다.
단, 제5조 2항의 우대금리는 전환 후에도 유지됩니다.
※ 본 서류는 법령 및 내부통제기준에 따른 절차를 거쳐 금융소비자에게 제공되는 문서입니다.
부 칙 (변경사항) 기가입고객 변경일 내 용 관련조항 적용여부"
우리은행,예금,「위비 모바일 통장」 특약,제4조,,2016.1.18 - 금리 및 수수료 우대조건 수정 및 명확화 제5조 적용
우리은행,예금,「위비 모바일 통장」 특약,제6조,2020.10.17 - 우대조건 수정 제5조 2항 적용,2023.08.07 - 제한사항 수정 제7조 적용
우리은행,예금,「우리 중진공 정책자금 전용통장」특약,제1조,약관의 적용,"「우리 중진공 정책자금 전용통장」 (이하 ‘이 예금’)의 거래는 이 특약을 적용 하며, 이 특약에서 정하지 않은 사항은 「예금거래기본약관」, 「입출금이 자유로운 예금 약관」을 적용합니다."
우리은행,예금,「우리 중진공 정책자금 전용통장」특약,제2조,용어의 정의,"이 특약에서 사용하는 용어의 정의는 다음 각 호와 같습니다.
1. “MP”(Market Place)라 함은 공급자와 소비자 간 전자상거래가 이루어지는 온라인시장을 말하고, “MP사”란 MP를 운영하는 기업을 말합니다.
2. “MP사 시스템”이란 MP사에서 정책자금 용도 외 사용 사전점검을 위해 구축한 전용 시스템을 말합니다.
3. “MP사의 이체요청”이란 고객이 MP사 시스템에 접속하여 은행에게 자금 이체 전문을 발송하는 것을 말합니다."
우리은행,예금,「우리 중진공 정책자금 전용통장」특약,제3조,가입대상,이 예금의 가입대상은 중소벤처기업진흥공단(이하 ‘중진공’)의 직접대출을 받는 개인사업자 및 법인입니다.
우리은행,예금,「우리 중진공 정책자금 전용통장」특약,제4조,예금과목,이 예금의 예금과목은 기업자유예금입니다.
우리은행,예금,「우리 중진공 정책자금 전용통장」특약,제5조,가입방법,이 예금은 우리은행 영업점을 통해 가입 가능합니다.
우리은행,예금,「우리 중진공 정책자금 전용통장」특약,제6조,수수료면제,"MP사의 이체요청을 통한 당·타행간 자금 이체 시, 이 예금에서 발생하는 이체수 수료는 면제됩니다."
우리은행,예금,「우리 중진공 정책자금 전용통장」특약,제7조,입금제한,"이 예금으로의 입금은 중진공 직접대출금 및 결산이자의 입금에 한하며, 그 외에는 입금(계좌이체, 창구입금 등)이 제한됩니다.(단, 계좌 인증 시 1원 입금은 가능합니다)"
우리은행,예금,「우리 중진공 정책자금 전용통장」특약,제8조,출금제한,"이 예금의 출금은 우리은행과 업무협약을 체결한 MP사의 이체요청을 통해서만 이루어지며, 창구 및 자동화기기·인터넷뱅킹 등 비대면 채널을 통한 이체 및 출금은 불가합니다."
우리은행,예금,「우리 중진공 정책자금 전용통장」특약,제9조,계약의 해지,"이 예금은 MP사 시스템을 통한 정당한 사용 용도 확인을 위해 잔액이 10만원 이상인 경우에는 해지가 불가하며, 잔액이 10만원 미만인 경우에 한하여 영업점 창구를 통해 해지가 가능합니다."
우리은행,예금,「우리 중진공 정책자금 전용통장」특약,제10조,이율의 적용 및 이자 결산,"① 이 예금의 이자율은 우리은행 영업점 및 인터넷 홈페이지에 고시한 이자율
을 적용합니다.
② 이자는 매 3월, 6월, 9월, 12월 셋째 토요일(원가일)에 원금에 더합니다.
③ 이자계산은 최초 예금일(또는 지난 원가일)로부터 원가일 전일까지를 이자 계산 기간으로 하고, 매일의 최종 잔액에 대하여 우리은행 영업점 및 인터넷 홈페이지에 고시된 이자율로 이자를 계산합니다.
④ 이 예금의 적용 이자율은 변경될 수 있으며, 이자율 변경 시에는 변경일로 부터 변경된 이자율을 적용하고, 그 변경내용을 우리은행 영업점 및 인터넷 홈페이지에 고시합니다."
우리은행,예금,「우리 중진공 정책자금 전용통장」특약,제11조,세제혜택,이 예금은 비과세종합저축으로 가입할 수 없습니다.
우리은행,예금,「우리 중진공 정책자금 전용통장」특약,제12조,상품전환,이 예금은 다른 예금으로 상호 전환이 불가합니다.
우리은행,예금,「우리 중진공 정책자금 전용통장」특약,제13조,제한사항,"① 이 예금은 공동명의로 가입할 수 없으며 양도에 의한 명의변경 및 담보제공
이 불가합니다.
② 이 예금은 다음 각 호의 어느 하나에 해당하는 용도로는 사용할 수 없습니
다.
1. 종합통장대출 계좌
2. 대출이자 자동이체 계좌
3. 신용카드 결제 또는 공과금 납부 목적 계좌
4. 그 외 기타 자동이체 등록 계좌
부 칙 (변경사항)
기 가입고객 변경일 내 용 관련조항 적용여부
2024.04.29. 약관 제정 - - <본 서류는 법률 및 내부통제기준에 따라 절차를 거쳐 제공됩니다>"
우리은행,예금,우리Champ복합예금약관,제 1조,약관의 적용,"우리 Champ 복합예금(이하 ""이 예금""이라 한다)의 거래는 이 약관을 적용하며 이 약관 에서 정하지 않은 사항은 ""파생상품 업무처리 모범규준"", ""예금거래기본약관"", ""거치식예금약관"", ""외화예금거래기본약관""을 적용합니다."
우리은행,예금,우리Champ복합예금약관,제 2조,용어의 정의,"① 우리 Champ 복합예금 : ""이 예금""은 주식파생(Equity Derivative), 금리파생(Interest rate Derivative), 환율파생(FX derivative), 일반상품파생(Commodity Derivative) 등다양한 파생상품이 결합된 정기예금으로 내재된 파생상품의 성과에 따라 금리지급 조건이 결정되는 원화 또는 외화 예금입니다.
② 모집일 : ""이 예금""의 판매를 위한 판매개시일을 말합니다.
③ 모집마감일 : ""이 예금""의 판매마감일을 말합니다.
④ 모집기간 : 모집일로부터 모집마감일까지의 기간을 말합니다.
⑤ 계약기간 : 모집마감일의 익일부터 예금만기일까지의 기간을 말하며, 계약기간은 1개월 이상 월단위로 정할 수 있습니다. 단, 고객과 은행이 합의한 조기상환 조건 충족시 계약기간이 단축될 수 있습니다.
⑥ 모집기간이자 : 모집당시 은행에서 정한 이율로서 모집기간중에 예치된 금액에 대해 적용되어 계산되는 이자를 말합니다.
⑦ 지급이자 : 계약기간동안 적용하는 이자를 말하며, 지급이자의 구체적 결정구조는 제6조에서 정한 가입확인서에 표시 됩니다.
⑧ 기준지수 : 지급이자 결정을 위해 KOSPI200, CD91일물유통수익률, 원/달러 환율 등모집일에 확정한 지수를 말하며, 기준지수 수준 및 지급이자 결정방법은 모집일에 정합니다.
⑨ 지수결정일 : 이자지급을 위해 모집일에 확정한 기준지수의 가격을 결정하는 날을 말합니다.
⑩ 조기상환 : 가입시점에 고객과 은행이 합의한 특정조건이 충족되어, 예금의 만기일 이전에 이 예금과 이자를 지급하는 것을 말합니다.
⑪ 단독형 : 1회에 예치한 금액이 10억원 이상일 경우 모집기간과 관계없이 단독으로 예금을 운영하는 것을 말합니다."
우리은행,예금,우리Champ복합예금약관,제 3조,가입대상,"""이 예금""의 가입대상은 제한이 없습니다."
우리은행,예금,우리Champ복합예금약관,제 4조,가입기간,"① ""이 예금""의 가입기간은 모집일로부터 모집마감일까지의 기간과 모집마감일 익일부터 예금 만기일까지의 기간을 합한 전 기간을 말합니다. 예금 만기일은 모집마감일 익일부터 1개월 이상 월단위로 결정되며 모집일에 정합니다. 단, 사전에 고객과 은행이 합의한 조기상환 조건이 충족되는 경우, ""이 예금""의 가입기간은 단축될 수 있습니다.
② 단독형인 경우 모집기간은 생략할 수 있습니다."
우리은행,예금,우리Champ복합예금약관,제 5조,최저가입금액,"""이 예금""의 최저가입 금액은 100만원 이상으로 하며, 최고 가입금액은 제한이 없습니다."
우리은행,예금,우리Champ복합예금약관,제 6조,가입확인서,"""이 예금"" 신규 시 가입자는 예금거래 조건을 명시하는 가입확인서를 검토한 후 반드시 자필 서명이나 인감을 날인하여야 합니다. 가입확인서는 모집회차별 기준지수 및중도해지수수료에 대한 설명 등 중요한 사항이 포함되어 있으므로 고객의 요청시 반드시 사본을 교부하여야 합니다."
우리은행,예금,우리Champ복합예금약관,제 7조,이자,"① ""이 예금""의 이자는 모집기간중에는 모집일 당시 영업점에 공시한 모집기간이자가, 계약기간중에 기준지수의 성과에 따라 계산되는 지급이자가 각각 적용되며, 만기시 이들 이자금액을 합한 금액을 지급합니다.
② ""이 예금""의 이자지급은 만기이자지급식으로 합니다. 다만, 예금의 종류에 따라 모집일
에 확정된 방법에 따라 이자지급을 분할하여 지급할 수 있습니다.
③ ""이 예금""의 지급이자는 모집일에 은행과 고객이 합의한 제6조 가입확인서의 이자율 결정조건에 의해 결정되며, 동 이율조견표는 이 예금의 모집일에 영업점에 게시합니다."
우리은행,예금,우리Champ복합예금약관,제 8조,중도해지,"① ""이 예금""은 만기일 이전에 중도해지 할 수 없습니다.
② 전항에도 불구하고 가입자가 부득이한 사정에 의해 만기일 이전에 중도해지를 요청하는 경우, 은행은 모집당시 확정한 중도해지수수료를 원금에서 차감하고 지급하며, 별도의 중도해지이율은 적용하지 않습니다. 고객은 중도해지수수료 차감으로 인한 원금 손실에 대해 이의를 제기하지 않습니다.
③ 다만, 모집기간중에 중도해지하는 경우에는 중도해지수수료를 징구하지 않으며, 별도의 중도해지이율은 적용하지 않습니다."
우리은행,예금,우리Champ복합예금약관,제 9조,분할인출,"""이 예금""은 분할인출을 할 수 없습니다."
우리은행,예금,우리Champ복합예금약관,제 10조,만기해지,"""이 예금""은 만기일에 고객이 지정한 계좌에 자동 입금됩니다."
우리은행,예금,우리Champ복합예금약관,제11조,예금의 양도 및 질권설정,"""이 예금""의 양도 및 질권설정은 은행이 승낙한 경우에 한하여 가능합니다."
우리은행,예금,우리Champ복합예금약관,제12조,불가항력,"천재지변, 법령의 변경, 기타 통제 불가능한 사항으로 인하여 환율, 금리, 주식거래가 제한되거나 중지되는 경우, 그리고 선물, 옵션시장이 정상적으로 운영되지 못할 경우에는 은행은 신의성실 원칙하에 약정금리 지급시기와 ""지수"" 등을 정하기로 합니다.
< 본 서류는 법령 및 내부통제기준에 따른 절차를 거쳐 금융소비자에게 제공되는 서류(문서)입니다. >"
우리은행,예금,계좌간 자동이체 약관,제1조,자동이체방법,"은행은 고객의 자동이체 신청에 따라 지정일에 통장, 수표, 지급청구서 없이 출금계좌에서 이체금액을 입금계좌로 이체합니다. 지정일이 없는 월의 경우에는 해당 월의 말일, 지정일이 영업일이 아닌 경우 익영업일에 이체합니다."
우리은행,예금,계좌간 자동이체 약관,제2조,지급자금 부족 때의 처리출금,"① 이체 지정일에 출금계좌의 지급자금이 이체금액에 미달하면 부족자금이 채워지는 날에 이체 처리 합니다.
② 제1항에도 불구하고 입금계좌가 대출계좌인 경우는 다음 각호의 방법에 따라 처리합니다.
1. 이체 지정일까지 출금계좌로 입금되는 금액은 이체 지정일부터 이체하며, 출금계좌의 출금 가능 금액이 이체금액에 미달하면 영업시간 이후에 다음과 같이 처리합니다.
가. 출금 가능 금액 범위 내에서 매 영업일 원 단위로 이체합니다.
나. 출금 가능 금액이 발생 연체이자에 미달하면 이체하지 않습니다.
2. 대출계좌의 약정 납입일 전까지는 부족 자금이 채워지는 날 이체하고, 약정 납입일 이후부터는 제1호의 방법에 따라 이체 처리합니다.
③ 제2항에 따라 연체 중인 원리금균등분할상환대출의 상환원리금 일부 금액이 이체되는 경우에도 연
체 기준일은 변경되지 않습니다.
④ 제2항에도 불구하고 협약대출, 정책자금대출, 기타 달리 정함이 있는 대출은 제1항의 방법에 따라 이체 처리합니다.
⑤ 제1항에도 불구하고 입금계좌가 퇴직연금(개인형IRP)계좌인 경우 직전 1회분 미납금액에 한하여 이체처리 합니다."
우리은행,예금,계좌간 자동이체 약관,제3조,여러 건의 이체처리,"출금 당일에 이체 대상 자동이체가 여러 건이 있으면, 처리순서는 아래의 자동이체 출금 우선순위에 따릅니다.
① 당행 지급 입금 이체 / ② 우리은행 대출금 이자 / ③ 우리은행 대출금 상환 / ④ 우리카드 대금결제
⑤ 타행(타사)카드 대금결제 / ⑥ 아파트 관리비 이체 / ⑦ 스쿨뱅킹 이체 / ⑧ 예약거래 이체
⑨ 지로 및 납부자자동이체 / ⑩ 외환 당발송금 이체 / ⑪ 당행 예적금계좌 이체 / ⑫ 기타 자동이체"
우리은행,예금,계좌간 자동이체 약관,제4조,증권의 부도,"고객의 출금계좌에 입금한 자기앞수표, 가계수표 등 증권이 지급거절 되었을 때, 자동이체 처리된 금액을 취소하고 지급거절 사실을 고객에게 통지합니다."
우리은행,예금,계좌간 자동이체 약관,제5조,자동이체의 신규·변경·해지 신청,"고객이 계좌간 자동이체를 신규 · 변경· 해지하고자 할 때에는 이체지정일 전 영업일까지 은행에 다음
각 호의 방법 중 어느 하나에 의하여 신고하여야 합니다.
① 서면에 의한 신청 / ② 인터넷뱅킹에 의한 신청
③ 스마트뱅킹에 의한 신청 / ④ 텔레뱅킹에 의한 신청
⑤ 자동이체 통합관리시스템(www.payinfo.or.kr)에 의한 신청
⑥ 애플리케이션 기반의 자동이체 통합관리시스템에 의한 신청"
우리은행,예금,계좌간 자동이체 약관,제6조,이체일 및 이체금액 미지정떄의 처리,"고객이 부담하여야 할 수수료, 채무 등 이체대상만을 지정하고 이체일과 금액에 대한 지정 없이 자동 이체를 신청한 때에는 은행은 그 대상거래가 발생했을 때 이체합니다."
우리은행,예금,계좌간 자동이체 약관,제7조,집합투자상품 자동이체 처리,"① 자동이체 지정일에 지급계좌의 지급 가능금액이 이체 신청금액에 미달하면, 자동이체가 처리되지 않습니다.
② 이체 지정일에 지급계좌에서 이체금액을 출금하여 별도의 신탁계정에 예치되며, 각각의 집합투자규 약에서 정한 매입 기준가격 적용일에 입금계좌로 이체합니다.
③ 단기금융상품(MMF)이 지급계좌일 경우에는 이체금액을 별도의 신탁계정에 예치하지 않고 이체금 액만큼 지급정지 되며, 각각의 집합투자규약에서 정한 매입기준가격 적용일에 출금하여 출금 당일 입금계좌로 이체합니다.
④ 제3조에도 불구하고 집합투자상품의 자동이체는 은행에서 정한 시간에 따라 처리합니다."
우리은행,예금,계좌간 자동이체 약관,제8조,계좌이동서비스,"① 계좌간 자동이체는 계좌이동 서비스 대상이며, 계좌이동 서비스 이용 약관을 준용합니다.
② 은행은 자동이체 통합관리시스템(www.payinfo.or.kr 또는 애플리케이션)에 자동이체 등록정보를 제공하여 거래처가 자동이체 조회 및 해지, 출금계좌 변경신청을 할 수 있도록 합니다.
③ 거래처가 은행 창구 또는 비대면 채널(인터넷뱅킹, 모바일뱅킹 등)에서 자동이체 출금계좌를 다른 은행 계좌로 변경 신청을 하면, 당행에서 이용 중인 자동이체는 해지 처리됩니다.
④ 거래처가 자동이체 통합관리시스템(www.payinfo.or.kr 또는 애플리케이션)에서 출금계좌를 다른 은행 계좌로 변경 신청을 하면, 당행에서 이용 중인 자동이체는 해지 처리됩니다."
우리은행,예금,계좌간 자동이체 약관,제9조,준용,"이 약관에서 정하지 아니한 사항은 예금거래기본약관, 관련예금약관, 신탁약관, 여신거래기본약관, 개별 상품약관 및 은행 내규를 준용합니다.
부 칙 (변경사항)
기 가입고객 변경일 내 용 관련조항 적용여부 제1조, 제2조,
제 3조, 제4조,
2013.11.18 문구의 명확화 적용 제5조, 제6조, ,제 7조, 제 8조 제1조, 제2조,
제 3조, 제4조,
2016.01.26 문구의 명확화 적용 제5조, 제6조, ,제 7조, 제 8조
2017.04.21 계좌간 자동이체 서비스 이용채널 확대 제5조, 제8조 적용
2020.05.29 권역간 통합 반영 제8조 적용
2023.03.09 문구의 명확화 제1조, 제2조 적용 <본 서류는 법령 및 내부통제기준에 따른 절차를 거쳐 금융소비자에게 제공되는 문서입니다.>"
