은행명,상품명,종류,상세종류,대출대상,대출조건,대출기간,대출한도
우리은행,우리 사잇돌 중금리대출,대출,신용대출,개인사업자,서울보증보험증권 발급 가능 개인 및 개인사업자,5년,2천만원
우리은행,우리 새희망홀씨(스마트),대출,신용대출,개인사업자,개인사업자,7년,3천5백만원
우리은행,우리 전문직우대 대출(의사),대출,신용대출,전문직,의사 면허증 보유자,5년,5억원
우리은행,우리 전문직우대 대출(법조인),대출,신용대출,전문직,법조인 자격증 보유자,5년,4억년
우리은행,우리 전문직우대 대출(전문직),대출,신용대출,전문직,전문 자격증 보유자,5년,3억원
우리은행,예금담보대출,대출,신용대출,개인사업자,우리은행 예금 적금 신탁을 가입한 개인 및 개인 사업자,제한없음,1억원
우리은행,주택청약(종합)저축 담보대출,대출,신용대출,개인사업자,우리은행 예금 적금 신탁을 가입한 개인 및 개인 사업자,1년,1억원
우리은행,우량협약기업 임직원신용대출(PPL),대출,신용대출,임직원,우리은행과 협약을 통해 선정한 기업체 또는 공공기관에 재직하고 있는 임직원,10년,3억원
우리은행,스마트징검다리론,대출,신용대출,분양계약자,입주자모집공고에 따른 계약금을 지급한 분양계약자,시공사 재량,분양가 60%
우리은행,버팀목 전세자금,대출,신용대출,부부,"부부합산 자산기준 3.37억원 이하인 고객 자산기준(부동산 자동차 금융자산 일반자산) -(금융부채 일반부채) 대출신청일 현재 세대주로서 대출대상주택에 전(월)세계약을 체결하고 전(월)세보증금의 5%이상을 지불한 근로자 및 서민으로 다음 각호의 요건을 모두 구비한 고객 대출신청일 현재 만 19세 이상인 세대주 및 세대주예정자(대출실행일로부터 1개월이내에 세대분가 또는 합가로 인하여 세대주로 예정된 자) 또는 세대주로 인정되는 고객 대출신청일 현재 세대주(예정자)로서 세대주를 포함한 세대원(예정자) 전원이 무주택인 고객 최근년도 또는 최근 1년간 부부합산 총소득이 5천만원이하인 고객 - 다자녀 2자녀 가구의 경우 6천만원, 신혼가구의 경우 7.5천만원 이하인 고객 - 타 지역으로 이주하는 재개발 구역내 세입자인 경우 6천만원 이하인 고객 부부합산 총소득은 차주 및 배우자(결혼예정자 포함)의 근로소득(상여금 및 수당포함) 및 사업소득의 자료를 제출",2년,전세금 70%
우리은행,산재근로자 참사랑대출,대출,신용대출,근로소득자,근로복지공단(융자결정기관)의 대출승인통보를 받은 고객,3년,융자결정기관 결정
우리은행,우리 지역선도기업 대출,대출,기업대출,기업,우리은행 내부 신용등급 BBB0(SOHO 4)등급 이상 비수도권 소재 기업,20년,제한없음
우리은행,우리 WON하는 군인대출,대출,신용대출,군인,"직업군인, 군무원",10년,3억원
우리은행,서울특별시 안심통장 보증서 대출,대출,신용대출,소상공인,서울신용보증재단으로부터 안심통장 보증승인이 완료된 서울시 소재 중소기업 및 소상공인,1년,1천만원
우리은행,서울특별시 안심통장 보증서 대출,대출,신용대출,기업,서울신용보증재단으로부터 안심통장 보증승인이 완료된 서울시 소재 중소기업 및 소상공인,1년,1천만원
우리은행,우리WON입주자금대출,대출,부동산대출,분양계약자,분양 계약금을 지급한 분양계약자(배우자와 공동명의 포함),40년,유효담보가액 범위
우리은행,폐업지원 대환 보증서대출,대출,정책자금대출,폐업,정상 상환중인 보증서담보부 기업대출을 보유한 폐업예정자 및 기폐업자,15년,1억원
우리은행,폐업지원 대환 신용대출,대출,정책자금대출,폐업,정상 상환중인 기업신용대출을 보유한 폐업예정자 및 기폐업자,30년,1억원
우리은행,폐업지원 대환 신용대출,대출,정책자금대출,폐업,정상 상환중인 기업신용대출을 보유한 폐업예정자 및 기폐업자,10년,1억원 이상
우리은행,우리 성장산업 수출입 패키지,대출,기업대출,개인사업자,"아래 조건을 모두 충족하는 기업 가입 가능(중소, 개인사업자 포함) 순신규 고객(직전 반기 시작일부터 대출 신청일까지 당행 수출입금융 실적 수출입여신한도 미보유) 당행 BRR 등급 BBB 이상 매년 지정되는 타겟산업 기업(첨단산업 기업, 우량 수출입기업)",5년,1억원
우리은행,우리CUBE 데이터론,대출,기업대출,기업,원비즈 e-MP 서비스를 이용하는 구매기업(우리은행 내부등급 BRR BBB0 등급 이상)의 추천을 받은 판매기업(기업 및 개인사업자),1년,제한없음
우리은행,우리CUBE 데이터론,대출,기업대출,개인사업자,원비즈 e-MP 서비스를 이용하는 구매기업(우리은행 내부등급 BRR BBB0 등급 이상)의 추천을 받은 판매기업(기업 및 개인사업자),1년,제한없음
우리은행,우리 우월한 시니어 대출,대출,신용대출,근로소득자,만 50세 이상 근로소득자 및 공적연금수급자,10년,1억원
우리은행,우리 햇살론119,대출,신용대출,개인사업자,개인사업자대출 119프로그램 또는 맞춤형 채무조정(소상공인 119Plus) 을 3개월이상 이용 중이고 연매출 3억원 이하 현재 연체 중이지 않은 개인사업자,5년,2천만원
우리은행,폐업지원 대환 담보대출,대출,부동산대출,폐업,정상 상환중인 기업대출을 보유한 폐업(예정) 개인사업자,30년,상환예정 대출 잔액 범위
우리은행,우리 플랫폼 WON주택대출,대출,부동산대출,근로소득자,근로소득자(현직장 3개월 이상 재직),40년,10억원
우리은행,우리 플랫폼 WON주택대출,대출,부동산대출,개인사업자,개인사업자(1년 이상 사업 영위),40년,10억원
우리은행,소상공인 2차 금융지원 대환대출(수탁보증),대출,신용대출,소상공인,소상공인 2차 금융지원대출 보유 고객,5년,기존 대출 금액 범위
우리은행,소상공인 2차 금융지원 대환대출(수탁보증),대출,기업대출,소상공인,소상공인 2차 금융지원대출 보유 고객,5년,기존 대출 금액 범위
우리은행,소상공인 2차 금융지원 대환대출(수탁보증),대출,정책자금대출,소상공인,소상공인 2차 금융지원대출 보유 고객,5년,기존 대출 금액 범위
우리은행,소상공인 2차 금융지원 대환대출(수탁보증),대출,신용대출,소상공인,소상공인 2차 금융지원대출 보유 고객,5년,기존 대출 금액 범위
우리은행,우리 사장님 대출,대출,신용대출,개인사업자,우리은행 내부 신용등급 BBB-(SOHO 5)등급 이상 개인사업자,20년,제한없음
우리은행,우리WON주택대출(오피스텔-갈아타기),대출,부동산대출,근로소득자,근로소득자(현직장 3개월 이상 재직),30년,10억원
우리은행,우리WON주택대출(오피스텔-갈아타기),대출,부동산대출,개인사업자,개인사업자(1년 이상 사업 영위),30년,10억원
우리은행,원비즈 데이터론,대출,기업대출,기업,원비즈플라자를 이용하는 구매기업(우리은행 내부등급 BRR BBB 등급 이상)의 추천을 받고 판매기업(기업 및 개인사업자),5년,제한없음
우리은행,원비즈 데이터론,대출,기업대출,개인사업자,원비즈플라자를 이용하는 구매기업(우리은행 내부등급 BRR BBB 등급 이상)의 추천을 받고 판매기업(기업 및 개인사업자),5년,제한없음
우리은행,우리 햇살론15(서민금융진흥원),대출,신용대출,개인,서민금융진흥원 햇살론15 신용보증서 발급 고객,5년,2천만원
우리은행,WON Easy 생활비대출,대출,신용대출,개인,KCB추정소득을 보유한 고객,1년,2천만원
우리은행,우리 메디플러스론,대출,신용대출,전문직,병 의원 및 약국을 운영하는 의 약사 개인사업자,5년,5억원
우리은행,우리 메디플러스론,대출,신용대출,전문직,병 의원 및 약국을 운영하는 의 약사 개인사업자,5년,5억원
우리은행,우리 이지원 비대면 보증서 대출,대출,신용대출,개인사업자,업력 1년이상 개인사업자,3년,1억원
우리은행,우리 이지원 비대면 보증서 대출,대출,기업대출,개인사업자,업력 1년이상 개인사업자,3년,1억원
우리은행,우리 이지원 비대면 보증서 대출,대출,신용대출,개인사업자,업력 1년이상 개인사업자,3년,1억원
우리은행,우리스마트전세론(서울보증)(갈아타기),대출,전세자금대출,근로소득자,근로소득자(현직장 3개월 이상 재직),2년,5억원
우리은행,우리WON전세대출(주택보증)(갈아타기),대출,전세자금대출,근로소득자,근로소득자(현직장 1년 이상 재직),2년,2억2천2백만원
우리은행,우리카드 가맹점 우대 대출,대출,신용대출,개인사업자,개인사업자(1년 이상 사업 영위),5년,1억원
우리은행,우리WON주택대출(갈아타기),대출,부동산대출,근로소득자,근로소득자(현직장 3개월 이상 재직),40년,10억원
우리은행,우리WON주택대출(갈아타기),대출,부동산대출,개인사업자,개인사업자(1년 이상 사업 영위),40년,10억원
우리은행,우리 상생 올케어대출(새희망홀씨),대출,신용대출,개인,최초 신규일로부터 1년 이상 경과한 우리은행 개인신용대출 보유 고객,10년,"3,500만원"
우리은행,우리 서울시 시중은행협력자금,대출,신용대출,소상공인,사업장이 서울시 소재인 업력 3개월 이상 소상공인 및 중소기업 중 서울신용보증재단으로부터 자금 추천을 받은 업체,5년,1억원
우리은행,우리 서울시 시중은행협력자금,대출,신용대출,기업,사업장이 서울시 소재인 업력 3개월 이상 소상공인 및 중소기업 중 서울신용보증재단으로부터 자금 추천을 받은 업체,5년,1억원
우리은행,우리 경기도 소상공인지원자금(협조융자),대출,신용대출,소상공인,사업장이 경기도 소재인 소상공인 중 경기신용보증재단으로부터 자금 추천을 받은 업체,5년,1억원
우리은행,우리 사장님 생활비대출(새희망홀씨),대출,신용대출,개인사업자,"사업기간 1년 이상, 연소득 4천만원 이하 개인사업자",1년,2천만원
우리은행,우리 WON 갈아타기 직장인대출,대출,신용대출,근로소득자,"연소득 2천만원 이상, 근로소득자(현직장 6개월 이상 재직)",10년,3억원
우리은행,서울시(PPL),대출,신용대출,임직원,우리은행과 협약된 기관에 재직하고 있는 연소득 3천만원 이상의 임직원,10년,2억원
우리은행,공무원(PPL),대출,신용대출,공무원,공무원연금법을 적용받는 연소득 3천5백만원 이상의 공무원,10년,3억원
우리은행,공무원-융자추천서(PPL),대출,신용대출,공무원,공무원연금법을 적용받는 공무원 중 공무원연금공단으로부터 융자추천서를 받은 공무원,10년,"5,000만원"
우리은행,경찰공제회-신용(PPL),대출,신용대출,공무원,경찰공제회에 가입되어 있는 경찰공무원,10년,"1억 5,000만원"
우리은행,우리 청년도약대출(새희망홀씨),대출,신용대출,근로소득자,"만 34세 이하, 연소득 4천만원 이하 급여소득자",1년,5백만원
우리은행,우리 새희망홀씨(갈아타기),대출,신용대출,개인사업자,"근로소득자, 개인 사업자",7년,3천5백만원
우리은행,우리 전문직우대 대출(갈아타기),대출,신용대출,전문직,전문 자격증 보유자,5년,5억원
우리은행,우리 ESG 실천 협력기업 상생대출,대출,기업대출,기업,우리은행과 ESG 상생협약을 체결한 협약기업,1년,우리은행 여신규정에 따른 대출가능금액 범위
우리은행,우리 신성장동력 대출,대출,기업대출,기업,우리은행 내부 신용등급 BB(SOHO 5) 이상 기업,20년,제한없음
우리은행,우리 SGI협약 운전자금대출,대출,기업대출,기업,원비즈플라자 내 추천받은 당행 신용등급 BB(SOHO 6등급)이상 기업,3년,1천만원
우리은행,우리 프리미엄 비즈센터론,대출,기업대출,분양,우리은행에서 승인한 지식산업센터 또는 일반업무시설의 수분양자,3년,"지식산업센터 분양금액의 최대 80% 범위, 일반업무시설 분양금액의 최대 60% 범위"
우리은행,우량기업 수출입 패키지,대출,기업대출,기업,"아래 3가지 조건을 모두 충족하는 경우 가입 가능 당행 BRR 등급 BBB 이상 외감법인, 최근 결산 기준 매출액 100억원 이상, 최근 1년간 수출입실적 U 10만불 이상",1년,은행 한도산출
우리은행,지역신용보증재단 비대면 보증신청 서비스,대출,신용대출,개인사업자,개인신용평점이 595점 이상인 개인사업자(1년 이상 사업 영위),5년,7천만원
우리은행,우리은행 네이버 스마트플레이스 대출,대출,신용대출,개인사업자,스마트플레이스 개인사업자(6개월 이상 사업 영위),5년,4천만원
우리은행,우리 항공결제대금 지급보증,대출,기업대출,기업,IATA 정산시스템을 이용하는 회원사,1년,제한없음
우리은행,우리 WON플러스 직장인대출,대출,신용대출,근로소득자,근로소득자,5년,연 소득의 100% 이내
우리은행,우리 햇살론뱅크(스마트),대출,신용대출,개인,서민금융진흥원 신용보증서 발급 고객,5년,2천5백만원
우리은행,우리 클린플러스 보증서 대출,대출,기업대출,기업,기술보증기금 클린플러스(Clean) 보증서를 발급받은 중소기업,1년,보증서상 승인금액 범위
우리은행,우리 트러스트온 보증서 대출,대출,기업대출,기업,신용보증기금 트러스트온(Trust-On) 보증서를 발급받은 중소기업,1년,보증서상 승인금액 범위
우리은행,"우리 온(, ON)택트 보증서대출",대출,정책자금대출,개인사업자,개인사업자(1년 이상 사업 영위),5년,3천만원
우리은행,우리은행 네이버 스마트스토어 대출,대출,신용대출,개인사업자,스마트플레이스 개인사업자(6개월 이상 사업 영위),5년,4천만원
우리은행,우리 공공기관 매입약정 신축자금대출,대출,기업대출,주택건설등록업자,공공기관과 신축매입약정체결을 완료하고 HUG의 도심주택 특약보증 이 발급 가능한 당행 내부 신용등급 BRR BB0 이상 또는 SOHO 6등급 이상 인 민간주택사업자,HUG 도심주택 특약보증 승인기한,HUG 도심주택 특약보증 승인금액
우리은행,우리 ESG 혁신기업대출,대출,기업대출,기업,우리은행이 정한 신용등급 BBB0(SOHO 4)등급 이상 기업,20년,제한없음
우리은행,우리 Oh!(5)클릭 대출,대출,신용대출,개인사업자,개인사업자(1년 이상 사업 영위),5년,3천만원
우리은행,우리WON주택대출,대출,부동산대출,개인사업자,"개인사업자(1년 이상 사업 영위), 근로소득자(현직장 3개월 이상 재직)",40년,10억원
우리은행,우리 첫급여 신용대출,대출,신용대출,근로소득자,CB구간 1~4 이내의 근로소득자(현직장 1개월 이상 재직),5년,8천만원
우리은행,우리CUBE론-IP,대출,기업대출,기업,우리은행이 정한 신용등급 BB(소호 5)등급 이상 기업,20년,제한없음
우리은행,우리 WON하는 직장인대출,대출,신용대출,근로소득자,근로소득자,5년,3억원
우리은행,우리WON전세대출(주택보증),대출,전세자금대출,근로소득자,근로소득자(현직장 1년 이상 재직),2년,2억2천2백만원
우리은행,우리 청년맞춤형 전세대출,대출,전세자금대출,세대주,보증신청일 기준 민법상 성년으로 만 34세 이하인 무주택 세대주 또는 예비세대주,2년,2억원
우리은행,우리 청년맞춤형 월세대출,대출,전세자금대출,세대주,보증신청일 기준 민법상 성년으로 만 34세 이하인 무주택 세대주 또는 예비세대주,13년,1천2백만원
우리은행,우리스마트전세론(서울보증),대출,전세자금대출,근로소득자,근로소득자(현직장 3개월 이상 재직),2년,5억원
우리은행,우리CUBE론-X,대출,기업대출,기업,우리은행이 정한 신용등급 BB(소호 5)등급 이상 기업,20년,제한없음
우리은행,우리아파트론(월상환액고정형),대출,부동산대출,담보,아파트를 담보로 제공하는 개인,35년,유효담보가액 범위
우리은행,우리부동산론(월상환액 고정형),대출,부동산대출,담보,부동산을 담보로 제공하는 개인,35년,유효담보가액 범위
우리은행,버팀목전세자금(보증금 월세금)대출,대출,전세자금대출,개인,개인,10년,"4,500만원, 월세는 월 50만원 최대 2년"
우리은행,신탁수익권담보대출,대출,담보대출,개인사업자,개인 및 개인사업자,신탁의 만기일 범위,특정금전신탁의 종류별 평가액 또는 신탁원본 중 적은 금액에 담보인정비율을 적용한 한도
우리은행,정책자금 차입성대출,대출,정책자금대출,개인사업자,융자추천기관에서 대출 대상자로 추천된 개인사업자,융자추천기관에서 정한 기간,융자추천기관에서 정한 한도 범위
우리은행,정책자금 이차보전협약대출,대출,정책자금대출,개인사업자,추천기관에서 대출 대상자로 추천된 개인사업자 또는 법인,추천기관에서 정한 기간,추천기관에서 정한 금액
우리은행,집단대출(기업체 임직원대출),대출,신용대출,임직원,기업체임직원대출 대상 기업에 재직중인 임직원,업체별 상이,업체별 상이
우리은행,협력기업 상생대출,대출,기업대출,기업,우리은행과 상생협약을 체결한 협약기업이 추천한 협력중소기업,1년,은행이 정한 대출가능범위
우리은행,집주인융자형임대주택자금,대출,전세자금대출,주택건설등록업자,민간임대주택에 관한 특별법에서 정한 공공지원 민간임대사업자,8년,"가구당 수도권 1억원, 광역시 8천만원, 기타지역 6천만원 이내"
우리은행,우리공동구매보증서대출,대출,기업대출,기업,신용보증기금의 B2B플라자를 통한 물품구매 기업,5년,매매계약서상의 금액
우리은행,청년전용 버팀목 전세자금,대출,전세자금대출,개인,개인,2년,1.5억원(전세금액의 80%이내)
우리은행,내집마련 디딤돌 대출(생애최초주택구입 신혼가구),대출,전세자금대출,부부,부부합산 자산기준 4.88억원 이하인 고객,30년,3.2억원
우리은행,신혼가구전용 버팀목 전세자금,대출,전세자금대출,개인,개인,2년,전세금액의 80%
우리은행,민간임대주택 매입자금대출,대출,전세자금대출,주택건설등록업자,민간임대주택에 관한 특별법에서 정한 임대사업자로서 10년 이상 임대를 목적으로 주택을 매입하는 고객,10년,세대당 전용면적에 따라 상이
우리은행,민간임대주택 건설자금대출,대출,전세자금대출,주택건설등록업자,주택건설사업 등록업자,14년,세대당 전용면적에 따라 상이
우리은행,우리 징검다리론,대출,신용대출,개인,"서민금융대출을 완제, 성실히 상환중인 개인신용평점이 상위 80%에 해당하는 고객",5년,3천만원
우리은행,우리 주거래 직장인대출,대출,신용대출,근로소득자,3천만원 이상 근로소득자(현직장 1년 이상 재직),5년,2억원
우리은행,주거안정 월세대출,대출,전세자금대출,개인,개인,10년,월세 한도 내에서 매월 최대 60만원씩 2년간
우리은행,우리전세론전세금안심대출,대출,전세자금대출,임차인,전세보증금반환보증을 가입한 임차인,25개월,임차보증금의 80% 범위
우리은행,내집마련 디딤돌 대출,대출,전세자금대출,부부,부부합산 자산기준 4.88억원 이하인 고객,30년,2억원(생애최초 주택구입자 최대 2.4억원)
우리은행,우리전세론(서울보증-공공주택),대출,전세자금대출,임차인,공공주택사업자와 주택임대차계약을 체결한 임차인,2년,5억원
우리은행,손익공유형모기지,대출,전세자금대출,임차인,생애최초 또는 5년이상 무주택인 분,20년,2억원
우리은행,수익공유형모기지,대출,전세자금대출,임차인,생애최초 또는 5년이상 무주택인 분,20년,2억원
우리은행,오피스텔구입자금대출,대출,전세자금대출,부부,부부합산 자산기준 4.88억원 이하인 고객,20년,7천만원
우리은행,우리상생파트너론,대출,기업대출,기업,"주계약업체 우리은행 내부 신용등급(BRR) A-등급 이상 업체로 여신소관 심사반 이상의 전결권자 승인을 득한 기업, 협력기업 주계약업체에 물품 등을 공급하는 판매업체",1년,제한없음
우리은행,주거안정주택구입자금대출,대출,전세자금대출,부부,부부합산 자산기준 4.88억원 이하인 고객,30년,2억원
우리은행,B2B플러스대출,대출,기업대출,기업,당행 B2B 대출 상호지원 약정을 체결한 구매기업의 협력기업,5년,제한없음
우리은행,B2B 대출,대출,기업대출,기업,주계약업체 우리은행 내부 신용등급(BRR) BBB등급 이상 업체로 여신소관 심사반 이상의 전결권자 승인을 득한 기업 협력기업 주계약업체에 물품 등을 공급하는 판매업체,5년,제한없음
우리은행,우리 프랜차이즈론,대출,신용대출,개인사업자,우리은행이 선정한 프랜차이즈 가맹점을 운영 중인 개인사업자,5년,2억원
우리은행,우리 동산 채권 담보대출,대출,기업대출,개인사업자,"동산 채권 등의 담보에 관한 법률 및 담보약정에 따라 유형자산, 재고자산 또는 매출채권을 담보로 제공한 중소 중견기업 또는 개인사업자",4년,감정평가액(사정금액)의 80%
우리은행,u-보금자리론,대출,부동산대출,개인,개인,50년(10년 단위),3.6억원
우리은행,도시형 생활주택자금,대출,전세자금대출,주택건설등록업자,도시형 생활주택을 건설하고자 하는 사업자,30년,"7,000만원"
우리은행,우리전세론(서울보증일반),대출,전세자금대출,개인사업자,개인 및 개인사업자,2년,5억원
우리은행,우리부동산론(일반자금),대출,부동산대출,개인,부동산(아파트 제외)을 담보로 제공하는 개인,40년,유효담보가액 범위
우리은행,사업자대출 입주자앞 대환,대출,전세자금대출,분양계약자,적법한 분양계약자,20년,사업주체에게 세대별로 지원된 사업자대출 호당 대출잔액 범위 내
우리은행,우리 새희망홀씨,대출,신용대출,근로소득자,연소득 4천만원 이하,7년,3천5백만원
우리은행,주택연금대출(내집연금3종세트),대출,부동산대출,주택소유,배우자 또는 본인이 만 55세 이상인 주택소유자,주택연금보증서에 기재된 보증기한,주택담보노후연금보증서 상의 금액
우리은행,세이프 e-구매카드대출,대출,기업대출,기업,우리은행과 협약이 체결되어 있는 마켓플레이스 상에서 물건을 구매하는 구매기업,5년,현재 손익계산서에 의한 과거 1년간 매출원가 1 2 범위
우리은행,조달청 네트워크론,대출,기업대출,기업,조달청과 납품계약을 체결한 협력기업,1년,연간 매출액의 1 2
우리은행,세이프 e-구매자금대출,대출,기업대출,기업,우리은행과 협약이 체결되어 있는 마켓플레이스 상에서 물건을 구매하는 구매기업,1년,현재 손익계산서에 의한 과거 1년간 매출원가 1 2 범위
우리은행,후분양주택자금,대출,전세자금대출,주택건설등록업자,주택건설사업등록업자,3년,전용면적 및 지역등에 따라 상이
우리은행,공공분양주택자금,대출,전세자금대출,주택건설등록업자,주택건설사업등록업자,3년,"주택건설사업계획승인 대상주택 세대당 5,500만원 건축허가 대상주택 세대당 3,000만원"
우리은행,공공임대주택자금,대출,전세자금대출,주택건설등록업자,주택건설사업등록업자,15년,"전용면적 60 이하 세대당 5,500만원 이내, 전용면적 60 초과 85 이하 세대당 7,500만원 이내"
우리은행,우리아파트론(일반자금),대출,부동산대출,담보,아파트를 담보(분양아파트 후취담보 포함)로 제공하는 개인,40년,유효담보가액 범위
우리은행,우리 군인우대 대출,대출,신용대출,군인,3년 이상 복무한 중사 이상의 군인,10년,5천만원
국민은행,FORYOU장기대출,대출,담보대출,담보,주택을 담보로 대출 신청하는 고객,35년,담보조사 가격의 70 퍼센트 범위 내
국민은행,KBCOFIX연동모기지론,대출,담보대출,담보,주택을 담보로 대출 신청하는 고객,35년,담보조사 가격의 70 퍼센트 범위 내
국민은행,KB경락주택구입자금대출,대출,담보대출,주택매매,경매 또는 공매주택 매각 경락 허가 결정을 얻은 분으로서 은행에서 정한 소정의 자격자,35년,소요자금의 100 퍼센트 와 담보조사가격의 70 퍼센트 범위내
국민은행,KB골든라이프주택연금론,대출,담보대출,담보,"만 40세 이상인 고객으로 본인소유 배우자 공동소유 포함 의 주거용주택을 전액 담보 제공하는 개인 단, 만 55 세 미만 고객의 경우, 대출신청 접수일 기준 실직 또는 폐업 관련 증빙서류 제출시 가능",30년,10억
국민은행,KB그린리모델링협약대출가계,대출,담보대출,주택건설등록업자,그린리모델링 창조센터로부터 사업 변경 확인서 및 사업완료 확인서를 발급받은 만 19세 이상 주택소유자로서 KB국민은행 대출심사기준을 통과하고 주택금융신용보증서가 발급되는 고객,5년,1억
국민은행,KB분할상환모기지론,대출,담보대출,담보,주택을 담보로 대출 신청하는 고객 주택구입 신축 경락주택 구입자금대출,30년,"담보조사 가격 및 소득금액, 담보물건지 지역 등에 따른 대출 가능금액 이내"
국민은행,KB월상환액고정형주택담보대출,대출,담보대출,담보,주택을 담보로 대출 신청하는 고객 주택구입 신축 경락주택 구입자금대출,30년,"담보조사 가격 및 소득금액, 담보물건지 지역 등에 따른 대출 가능금액 이내"
국민은행,KB일반부동산담보대출,대출,담보대출,담보,"일반부동산 상가, 오피스텔, 나대지 등 을 담보로 대출 신청하는 고객",35년,"담보조사가격 및 소득금액, 담보물건지 지역 등에 따른 대출가능금액 이내 통장자동대출은 최고 3억원 이내"
국민은행,KB적격전환대출,대출,담보대출,부부,"대출신청일 현재 채무자와 배우자의 총 주택 보유수가 본건 담보주택을 제외하고 무주택이며, 부부합산 연소득이 6천만원 이하",30년,3억원
국민은행,KB주택구입자금대출,대출,담보대출,주택매매,주택을 구입하시는 분,35년,매매 분양 계약서상 매매금액의 100 퍼센트 와 담보조사 가격의 60 퍼센트 범위 내
국민은행,KB주택구입자금대출집단입주잔금대출,대출,담보대출,분양,은행이 승인한 사업장의 입주예정자 무보증취급 후 후취담보 취득 방식은 수분양자 본인이 입주하는 경우만 가능,40년,소요자금의 100 퍼센트 이내
국민은행,KB주택담보대출,대출,담보대출,담보,주택을 담보로 대출 신청하는 고객 주택구입 신축 경락주택 구입자금대출 및 통장자동대출 포함,50년,3억원
국민은행,KB청약주택종합저축담보대출,대출,담보대출,담보,은행이 인정하는 본인 단독명의의 당행 주택기금 청약상품을 담보로 제공하는 자,2년,주택기금 청약상품 납입액의 95 퍼센트 이내
국민은행,KB폐업지원대환대출부동산담보,대출,담보대출,개인사업자,국민은행에서 사업자대출 부동산담보 을 이용중인 개인사업자로서 모든 사업장을 폐업하거나 폐업 예정인 고객님,30년,대환대상 기업대출 잔액 이내
국민은행,KB골든라이프공사주택연금론,대출,담보대출,담보,"일반형 주담대상환용은 소유자 또는 배우자 만55세 이상, 보유주택 12억원 이하 1주택 또는 합산 12억 이하 다주택 인 경우",연금보증서 지정 기간,주택담보노후연금보증서상의 보증금액
국민은행,KB나라사랑대출주택자금,대출,담보대출,군인,무주택자로서 국가보훈부로부터 전자문서로 대출 추천을 받은 국가유공자 및 장기복무 10년이상 복무 한 제대군인 고객,20년,"주택구입 신축자금담보조사가격에 의한 대출 가능금액, 아파트 분양자금분양계약서상 분양금액, 주택 전세자금임차보증금 100 퍼센트 범위내"
국민은행,KB내집연금연계대출,대출,담보대출,담보,KB골든라이프 공사주택연금론 주담대전환형 을 신청하고 해당 대출만으로 기존 주택담보대출을 전액상환하기에는 자금이 부족하여 추가 대출이 필요한 고객,10년,1천만원원
국민은행,KB스타아파트담보대출구입자금,대출,담보대출,담보,KB시세정보가 제공되는 본인명의 또는 배우자와의 공동명의 아파트를 담보로 제공하여 대출을 신청하는 소득확인 가능고객,50년,10억원
국민은행,KB임대보증금반환자금보증대출,대출,담보대출,주택건설등록업자,임대차계약의 기간 만료 임대차계약 기간 만료 후 동일한 주택에서 동일한 임차인과 임대보증금을 인하하여 계약갱신하는 경우 포함 등으로 임차인에게 임대보증금을 반환하기 위하여 대출을 받고자 하는 임대인으로 주택금융신용보증서가 발급되는 개인,2년,
국민은행,당타행예부적금등유가증권담보대출,대출,담보대출,담보,"은행이 인정하는 금융기관 은행 의 예 부 적금 등 및 국채 지방채 공채, 은행발행 양도성예금증서 CD 표지어음 환매조건부채권 RP 에 한하여 담보로 제공하는 고객 후순위채권, 신종자본증권은 담보로 취득할 수 없음",5년,담보평가에서 정한 대출가능금액 이내
국민은행,당행예부적금등수신금리연동담보대출,대출,담보대출,담보,은행이 인정하는 본인 단독명의의 당행 예 부 적금 신탁 등을 담보로 제공하는 자,1년,예부적금잔액의 95 퍼센트
국민은행,법인예금담보임직원대출,대출,담보대출,임직원,KB 국민은행과 협약을 체결한 법인이 추천한 임직원,법인정기예금의 만기일 이내,법인이 담보로 제공한 정기예금의 95 퍼센트 이내
국민은행,부동산담보대출,대출,담보대출,담보,부동산을 담보로 대출 신청하는 고객,35년,3억원
국민은행,부동산담보대출채무조정전환제도,대출,담보대출,담보,"가계 부동산 담보대출로서 대출 신규일로부터 1년 이상 경과된 계좌, 대출잔액 한도거래대출은 한도약정액 이 1억원 이하인 계좌 조건을 모두 충족하고, 재무적 곤란 사유를 제출하는 고객",10년,전환대출 신청시점의 대출잔액 범위 내
국민은행,부동산담보신탁수익증권증서담보대출,대출,담보대출,담보,부동산 신탁회사의 부동산담보신탁 수익증권을 담보로 제공하는 개인,5년,3억원
국민은행,분양토지중도금대출,대출,담보대출,분양,"국가지방자치단체지방공사주택공사토지공사가 분양하는 단독주택용지, 근린생활시설용지, 상업용지 체비지 등을 포함 를 공급 받고자 계약을 체결한 개인 또는 개인사업예정자","일시상환3년, 분할상환8년",분양계약서상의 분양가격의 50 퍼센트 와 분양계약서상의 분양가격을 기준으로 지역별 대지에 대한 담보운용비율 중 작은 금액 이내
국민은행,안심전환대출,대출,담보대출,주택소유,민법상 성년으로 주택 보유 수 주택 가격 소득 자격을 모두 충족하는 대한민국 국민,30년,3. 6억원
국민은행,오피스텔상가에대한중도금잔금대출준주택포함,대출,담보대출,분양,"오피스텔, 상가, 사무실, 노인복지주택 등을 분양 받아 분양계약서상 총 분양대금의 10 퍼센트 이상을 납입한 고객, 주택도시보증공사 주택자금대출보증서 담보인 경우에는 분양계약서상 총 분양대금의 5 퍼센트 이상을 납입한 고객",35년,후취담보 취득 시 예상대출가능금액 이내 분양가격담보인정비율-선순위 차감금액
국민은행,임대주택입주자특례보증전세자금대출,대출,담보대출,주택건설등록업자,"임차보증금 수도권 7억원 그 외 지역 5억원 이하인 임대차계약을 체결 하고 임차보증금의 5 퍼센트 이상을 지급한 민법상 성년인 세대주 중 공공주택사업자 및 한국주택금융공사가 인정한 임대사업자 임대목적물에 입주 예정 자로 당행 대출심사를 통과한 고객, 본인과 배우자 결혼예정자 포함 의 합산 주택수가 1주택 이내인 경우",2년,2억2천2백만원
국민은행,임대주택중도금대출,대출,담보대출,분양,분양전환 임대아파트에 대하여 임대분양계약을 체결한 고객 총 임대분양대금의 5 퍼센트 이상 계약금액 전액을 납부한 고객,14년,소요자금 이내
국민은행,장애인자립자금대출,대출,담보대출,장애인,거주지 구청장으로부터 융자추천을 받은 성년등록장애인,5년,5천만원
국민은행,주택담보대출채무조정전환제도,대출,담보대출,담보,대출신규일로부터 1년이상 경과된 가계주택담보대출 보유고객,30년,전환대출 신청시점의 대출잔액 범위 내
국민은행,주택리모델링개량자금대출,대출,담보대출,주택건설등록업자,"주택을 리모델링 증축, 수선 등 하기 위하여 건축허가 신고 또는 공사계약을 체결 한 고객",30년,"소요자금의 100 퍼센트 와 담보평가 및 소득금액, 담보물건지 지역 등에 따른 대출가능금액 중 작은 금액이내"
국민은행,주택신축자금대출,대출,담보대출,주택건설등록업자,건축허가 신고 등을 얻어 자기명의의 대지에 주택을 신축하고자 하는 고객,35년,소요자금의 100 퍼센트 이내
국민은행,주택자금대출,대출,담보대출,분양,"은행이 승인한 주택사업장의 수분양자, 조합원, 임차인 등",사업장별 승인사항에 따름,소요자금 이내
국민은행,토지분양자금대출,대출,담보대출,분양,"협약체결기관으로부터 단독주택용지, 근린생활시설용지, 상업용지 주차장, 주유소 등 포함 를 분양 받아 분양대금의 의무납부금액 10 30 퍼센트 이상을 납부하고 공사로부터 추천을 받은 개인 또는 개인사업예정자",8년,분양계약서 상 분양가격의 50 퍼센트 와 지역별 대지의 담보평가금액 중 작은 금액
국민은행,한국주택금융공사U-보금자리론,대출,담보대출,부부,"민법상 성년으로 무주택자 채무자와 배우자 기준 로서 부부합산 연소득이 7천만원 이하인 대한민국 국민, 주민등록을 한 재외국민 및 외국국적동포",50년,3. 6억원
국민은행,한국주택금융공사아낌e-보금자리론,대출,담보대출,부부,"민법상 성년으로 무주택자 채무자와 배우자 기준 로서 부부합산 연소득이 7천만원 이하인 대한민국 국민, 주민등록을 한 재외국민 및 외국국적동포",50년,3. 6억원
국민은행,KB4대연금신용대출,대출,신용대출,근로소득자,"개인신용평가시스템 CSS 에 의해 대출적격자로 판정된 고객으로 직군별 재직기간 기준을 충족하고, 소득증빙이 가능한 직장인",10년,3. 5억원
국민은행,KBSTARCLUB신용대출,대출,신용대출,개인,KB 국민은행과 거래하는 베스트 이상의 STAR CLUB 고객으로서 대출적격자로 판정된 고객,10년,2. 5억원
국민은행,KBi-star직장인신용대출본부승인대출,대출,신용대출,임직원,우량업체 신용대출 대상기업에 재직중인 임직원,업체별 승인기간 이내,업체별 승인내용에 의하여 결정
국민은행,KB개인사업자리스타트대출,대출,신용대출,폐업,전환대상 대출 포함 휴 폐업 사업자 관련 SOHO대출을 전액 상환할 수 있는 고객,11년,1억원
국민은행,KB공무원우대대출,대출,신용대출,군인,"공무원 연금법 적용 현직 공무원 군무원포함, 현역 군인 및 사립학교 교직원 제외 으로서 연금취급기관장이 발급하는 금융기관 알선대출 융자추천서에 의해 대출을 신청하는 고객으로서 개인신용평가시스템 CSS 에 의해 대출적격자로 판정된 고객",10년,5천만원
국민은행,KB국민ONE대출,대출,신용대출,개인,"당행 1년이상 거래고객 고객정보등록일 기준 중 거래실적 우수고객, KB국민ONE통장가입고객 중 거래실적 우수고객으로 다음 거래 조건을 모두 충족하는 고객",10년,2천만
국민은행,KB국민희망대출제2금융권대환,대출,신용대출,근로소득자,"개인신용평가시스템 CSS 에 의해 대출적격자로 판정된 고객으로 다음에 모두 해당하고, 제2금융권 비은행업권 신용대출을 대환하고자 하는 고객, 제2금융권 비은행업권 신용대출 보유 고객, 재직기간 1년 이상 전직장 재직기간 포함 인 근로소득자 계약직 상용직 포함, 일용소득자 제외 로 연소득 2천4백만원 이상인 고객",10년,1억원
국민은행,KB급여이체신용대출,대출,신용대출,근로소득자,"개인신용평가 CSS 에 의해 대출적격자로 판정된 고객 중 대출신청일 현재 동일직장 1년 이상 재직 중이며, KB국민은행과 급여이체 대행계약을 체결한 업체로부터 대출신청월 또는 직전 월 기준 현재 1회 이상 급여이체 실적이 있는 고객",10년,1억5천만원
국민은행,KB사업자든든신용대출,대출,신용대출,개인사업자,"사업자등록증을 소지하고 현재 사업을 영위하고 있는 자영업자, 사업소득원천징수 대상자 보험설계사, 자동차딜러, 학습지교사, 프리랜서, 직업운동가 등",5년,1억
국민은행,KB사잇돌중금리대출,대출,신용대출,개인,"서울보증보험 주 의 보험증권 발급이 가능한 급여소득자, 사업소득자, 공적연금소득자 중 아래 기준을 충족하고 증빙서류 제출이 가능한 개인고객",5년,2천만
국민은행,KB새희망홀씨Ⅱ,대출,신용대출,개인,"개인신용평가시스템 CSS 에 의해 대출적격자로 판정된 국내거주 국민으로서 연간소득 40백만원 이하 다만, 개인신용평점 하위 20 퍼센트 이하인 경우에는 연간소득 50백만원 이하 이고 다음 각 항목 중 하나에 해당하는 고객",7년,3천5만
국민은행,KB제휴대환신용대출,대출,신용대출,개인,한국씨티은행 개인 신용대출을 이용중인 고객,5년,한국씨티은행 보유 개인 신용대출 잔액 종합통장자동대출은 약정한도금액
국민은행,KB징검다리론,대출,신용대출,개인,"대출신청일 현재 4대 서민금융상품 KB새희망홀씨 긴급생계자금 제외, KB바꿔드림론, 햇살론, 미소금융 을 성실하게 상환한 고객 중 소득서류제출이 가능하고 1 4대 서민금융상품을 성실상환 후 완제하거나, 2년 이상 대출금액의 75 퍼센트 계좌기준 이상을 성실상환중인 고객, 2 대출신청일 기준 개인신용평점 하위 20 퍼센트 이상 고객 모두 해당하는 고객",5년,3천만
국민은행,KB처음EASY신용대출,대출,신용대출,개인,"만 19세 이상의 재직 또는 사업기간이 3개월 이상 1년 미만 현재 직장 사업장 기준 또는 최근 3개월 소득발생자 또는 최근 3개월 국민연금 건강보험료 납부자 조건을 모두 만족하는 직장인 사회초년생, 초기사업가, 사업소득원천징수대상자, 아르바이트생, 재직 또는 사업사실 확인이 불가한 고객 전업주부, 은퇴자 등",10년,1천만
국민은행,KB폐업지원대환대출보증Ⅱ,대출,신용대출,개인사업자,국민은행에서 사업자대출 지역신용보증재단 보증서대출 을 이용중인 개인사업자로서 모든 사업장을 폐업한 고객,7년,대환대상 기업대출 잔액 이내
국민은행,KB폐업지원대환대출신용Ⅱ,대출,신용대출,개인사업자,국민은행에서 사업자대출 신용대출 을 이용중인 개인사업자로서 모든 사업장을 폐업하거나 폐업 예정인 고객,30년,대환대상 기업대출 잔액 이내
국민은행,KB햇살론15,대출,신용대출,개인,"직업 및 소득이 있으며 서민금융진흥원 신용보증서 발급이 가능한 만 19세 이상으로, 연소득 3천5백만원 이하 신용평점 무관 또는 개인신용평점 하위 20 퍼센트 이하이고 연소득 4천5백만원 이하",3년 또는 5년,1천4백만원
국민은행,KB햇살론뱅크,대출,신용대출,개인,정책서민금융상품을 성실하게 상환한 고객 중 부채가 감소하거나 신용도가 개선된 고객으로서 다음 어느 하나에 해당하고 서민금융진흥원 신용보증서 발급이 가능한 만 19세 이상인 1 연소득이 3천5백만원 이하 신용평점 무관 또는 2 개인신용평점 하위 20 퍼센트 이하 이고 연소득 4천5백만원 이하인 고객,3년 또는 5년,2천5백만원
국민은행,KB나라사랑대출일반자금,대출,신용대출,군인,"국가보훈부로부터 전자문서로 대출 추천을 받은 국가유공자, 장기복무 10년이상 복무 한 제대군인 고객",2년,대출금액은 국가보훈부 추천금액과 대출가능금액 중 작은 금액 보증 종류별 보증 한도 2억원에서 기 임대보증금반환자금보증잔액을 제외한 금액 소요 자금별 보증 한도 다음 세 가지 항목 중 가장 적은 금액으로 결정됩니다. 임대보증금의 30 퍼센트 주택가격 X 60 퍼센트 5천만원 - 선순위채권액 임대인 반환 예정 임대보증금 주택당 보증 한도 5천만원에서 동일 목적물 기 임대보증금반환보증잔액을 제외한 금액
국민은행,KB닥터론,대출,신용대출,전문직,"근로소득 또는 사업소득이 있는 현직의사 전문의, 레지던트, 인턴, 군의관, 공중보건의 포함, 한의사, 치과의사, 또는 개업예정의 의사, 한의사, 치과의사, 의대본과 4학년 및 의사면허합격자 치의대, 한의대 포함 로서 개인신용평가시스템 CSS 에 의해 대출적격자로 판정된 고객",10년,4억원
국민은행,KB로이어론,대출,신용대출,전문직,"근로소득 또는 사업소득이 있는 현직변호사, 판사, 검사, 군법무관 또는 사법연수원생으로서 개인신용평가시스템 CSS 에 의해 대출적격자로 판정된 고객",10년,4억원
국민은행,KB사립학교교직원우대대출,대출,신용대출,전문직,사립학교교직원 연금법 적용 현직 정규직 교직원 교원 또는 사무직원 으로서 연금공단이 발급하는 퇴직시급여예상액확인서에 의해 대출을 신청하는 고객 중 다른 금융기관 농협에 에 협약대출 미보유자로 개인신용평가시스템 CSS 에 의한 부실징후 또는 CSS 8 9등급 중 다중채무자에 해당하지 않는 고객,10년,3천만
국민은행,KB새희망홀씨긴급생계자금,대출,신용대출,개인,개인신용평가시스템 CSS 에 의해 대출적격자로 판정된 국내거주 국민으로서 1 KB새희망홀씨 KB새희망홀씨 대출을 1년 이상 성실상환 중인 고객 중 최근 1년간 누적 연체일수가 10일 이하인 고객,5년,5백만원
국민은행,KB스타신용대출갈아타기,대출,신용대출,근로소득자,"개인신용평가시스템 CSS 에 의해 대출적격자로 판정된 고객으로 직군별 재직기간 기준을 충족하고, 소득증빙이 가능한 직장인",10년,3. 5억원
국민은행,KB스타신용대출신규,대출,신용대출,근로소득자,"개인신용평가시스템 CSS 에 의해 대출적격자로 판정된 고객으로 직군별 재직기간 기준을 충족하고, 소득증빙이 가능한 직장인",10년,3. 5억원
국민은행,KB스타신용대출신규Ⅱ,대출,신용대출,근로소득자,"개인신용평가시스템 CSS 에 의해 대출적격자로 판정된 고객으로 직군별 재직기간 기준을 충족하고, 소득증빙이 가능한 직장인",10년,3. 5억원
국민은행,KT관련재직직원에대한대출,대출,신용대출,임직원,"KT, KT DS, KT CLOUD, KT NETCORE, KT PM 임직원으로 개인신용평가시스템 CSS 에 의해 대출적격자로 판정된 고객",1년,2억원
국민은행,공무원연금수급권자신용대출,대출,신용대출,공무원,"공무원 퇴직연금 유족, 장해연금 포함 을 매월 1회 이상 국민은행 계좌를통해수령하고, 개인신용평가시스템 CSS 에 의해 대출적격자로 판정된 고객",10년,3천만원
국민은행,군인생활안정자금대출KBi-STAR군인생활안정자금,대출,신용대출,군인,3년이상 복무한 중사 이상의 현역군인 육군 해군 공군 해병대 으로 국군재정관리단장 발급 군인생활안정자금 대출추천서로 대출을 신청하는 고객,10년,8천만원
국민은행,신용대출장기분할상환전환제도,대출,신용대출,개인,개인신용평가시스템 CSS 등에 의해 산출된 의무상환금액 잔액 X 의무상환비율 최대 20 퍼센트 만큼을 상환한 신용관리정보 등록이 없는 고객,10년,전환대출 신청시점의 대출잔액
국민은행,에이스ACE전문직무보증대출,대출,신용대출,전문직,"일정한 국내자격증을 소지한 현직종사자로서 수의사, 약사, 공인회계사, 세무사, 관세사, 변리사, 기술사, 도선사, 건축사, 법무사, 감정평가사, 공인노무사, 손해사정인",10년,3억원
국민은행,채무조정프로그램,대출,신용대출,개인,"3개월 90일 이상 잔액 연체중인 신용대출, 1개월 이내 대출만기도래 신용대출 또는 대출만기가 경과된 신용대출 계좌를 보유한 고객으로, 개인신용평가시스템 CSS 등에 의해 산출된 의무상환금액 잔액 X 의무상환비율 최대 20 퍼센트 만큼을 상환한 고객",10년,"신용대출 대출잔액 약정이자 연체이자 범위 내, 담보대출 채권최고액에서 기존계좌 대출잔액을 차감한 범위 내에서 아래와 같이 산정"
국민은행,휴폐업개인사업자신용대출에대한가계대출채무조정프,대출,신용대출,폐업,개인신용평가시스템 CSS 등에 의해 산출된 의무상환금액 잔액 X 의무상환비율 최대20 퍼센트 만큼 상환한 고객 신용관리대상자 포함 으로 전환대상 대출 포함 휴 폐업 사업자 관련 SOHO대출을 전액 상환할 수 있는 고객,10년,1억원
국민은행,내집마련디딤돌대출,대출,주택도시기금대출,분양계약자,"1. 대출신청일 현재 민법상 성년이며, 부양가족 있는 세대주 만 30세 이상은 단독세대주도 가능 또는 세대주로 인정되는 자로서, 세대주를 포함한 세대원 전원이 신청일 현재 무주택인 분 생애최초주택구입자는 생애 전 기간 무주택, 2. 최근년도 또는 최근 1년간 부부합산 연소득이 6천만원 이하인 분 생애최초 주택구입자 2자녀 미성년자 이상인 가구는 7천만원 이하, 생애최초로 주택을 구입하는 신혼가구 신혼가구 LH 신혼희망타운 분양계약자 중 만6세이하 자녀가 있는 혼인가구 포함 는 8천5백만원 이하, 3. 대출신청인 및 배우자의 합산 순자산가액이 통계청에서 발표하는 최근년도 가계금융복지조사결과의 소득 5분위별 자산 및 부채현황 중 소득 4분위 전체가구 평균값 기준 금액은 매년 변동 자산심사 기준은 국토교통부 주택도시기금포털 http nhuf. molit. go. kr 에서 확인가능 이하인 자오 3가지 조건 모두 만족한 고객",30년,2억
국민은행,버팀목전세자금대출,대출,주택도시기금대출,부부,"다음 4가지 조건 모두 만족한 고객 1. 대출신청일 현재 민법상 성년인 세대주 또는 세대주로 인정되는 자, 2. 대출신청일 현재 세대주 예정자 를 포함한 세대원 예정자 전원이 무주택인 고객, 3. 최근년도 또는 최근 1년간 부부합산 총소득이 5천만원 이하인 고객, 3. 최근년도 또는 최근 1년간 부부합산 총소득이 5천만원 이하인 고객, 4. 대출신청인 및 배우자의 합산 순자산가액이 통계청에서 발표하는 최근년도 가계금융복지조사의 소득 5분위별 자산 및 부채현황 중 소득 3분위 전체가구 평균값 기준 금액은 매년 변동 자산심사 기준은 국토교통부 주택도시기금포털 http nhuf. molit. go. kr 에서 확인가능 이하인 고객",10년,"임차보증금의 70 퍼센트 이내에서 호당 최고 수도권 1억 2천만원, 수도권 이외 지역 8천만원 이내"
국민은행,오피스텔구입자금대출,대출,주택도시기금대출,부부,"오피스텔 구입을 계획 중이며, 1. 대출신청일 현재 민법상 성년이며, 부양가족이 있는 세대주 만 30세 이상은 단독세대주도 가능, 만 30세 미만 미혼세대주는 직계존속 중 1인이상과 동일세대를 구성하는 경우 주민등록표 상 합가일이 6개월 이상인 자 또는 세대주로 인정되는 자로서 세대주를 포함한 세대원 전원이 무주택인 자, 2. 최근년도 또는 최근 1년간 부부합산 총소득이 6천만원 이하인 자, 3. 대출신청인 및 배우자의 합산 순자산가액이 통계청에서 발표하는 최근년도 가계금융복지조사결과의 소득 5분위별 자산 및 부채현황 중 소득 4분위 전체가구 평균값 기준 금액은 매년 변동 자산심사 기준은 국토교통부 주택도시기금포털 http nhuf. molit. go. kr 에서 확인가능 이하인 자로 조건을 모두 만족한 고객",20년,소요자금 및 담보평가 금액 이내에서 호당 최고 7천만원이내 다자녀가구 7천5백만원 이내
국민은행,입주자앞대환대출,대출,주택도시기금대출,분양계약자,"1. 주택도시기금대출이 지원된 주택건설 사업주체로부터 대환대상자로 통보받은 자로 우선분양자, 일반분양자, 선착순 분양자 등 해당 주택의 적법한 분양계약자 대환대출 기본자격 또는 2. 대출신청일 현재 민법상 성년이며, 부양가족 있는 세대주 만 30세이상은 단독세대주도 가능 또는 세대주로 인정되는 자로서 세대주를 포함한 세대원 전원이 신청일 현재 무주택인 분 생애최초 주택구입자 생애 전 기간 무주택 이면서 최근년도 또는 최근 1년간 부부합산 총소득이 6천만원인 이하인 고객 생애최초주택구입자 2자녀 미성년자 이상 가구는 7천만원 이하, 신혼가구는 8천5백만원 이하 으로 해당 주택의 적법한 분양계약자로서 아래 내집마련 디딤돌대출 조건을 충족하는 고객",20년,사업주체에게 세대별로 지원된 사업자대출 호당대출잔액 범위 내
국민은행,주거안정월세대출,대출,주택도시기금대출,부부,"대출신청일 현재 세대주를 포함한 세대원 예정자 전원이 무주택인 세대주주 대출신청인 및 배우자의 합산 순자산가액이 통계청에서 발표하는 최근년도가계금융 복지조사의 소득 5분위별 자산 및 부채현황 중 소득 3분위 전체가구 평균값 기준 금액은 매년 변동 자산심사 기준은 국토교통부 주택도시기금포털 http nhuf. molit. go. kr 에서 확인가능 이하인 자로서, 1 취업준비생 부모와 따로 거주하는 자 또는 독립하려고 하는 자 중 대출신청일 현재 만 35세 이하의 무소득자로서 최근년도 부모 연소득이 6천만원 이하인 고객, 2 희망키움통장 가입자, 3 근로 자녀장려금 수급자 대출신청일 기준 최근 1년 이내 근로 자녀장려금 수급사실이 인정되는 수급자 중 세대주 세대주로 인정되는 자 포함 인 고객, 4 사회초년생 취업 후 5년 이내 대출신청일 현재 만 35세 이하로서 최근년도 부부합산 연소득이 4천만원 이하인 고객, 5 주거급여 수급자 대출신청일 현재 주거급여 수급자 중 세대주 세대주로 인정되는 자 포함 인 고객, 3 일반형 최근년도 부부합산 연소득 5천만원 이하로서 우대형에 해당하지 않는 고객으로 상기 3가지 조건에 해당하는 고객",10년,"1, 440만원 매월 60만원 이내"
국민은행,주거안정주택구입자금대출,대출,주택도시기금대출,부부,"주택 구입을 계획중이며, 다음의 요건을 모두 구비한 고객 1. 대출신청일 현재 민법상 성년이며, 부양가족이 있는 세대주 만 30세 이상은 단독세대주도 가능, 만 30세 미만 미혼세대주는 직계존속과 1인이상과 동일세대를 구성하는 경우 주민등록표상 합가일이 6개월 이상인 자 또는 세대주로 인정되는 자로서 세대주를 포함한 세대원 전원이 무주택인 자, 2. 최근년도 또는 최근 1년간 부부합산 총소득이 6천만원 이하인 자, 3. 대출신청인 및 배우자의 합산 순자산가액이 통계청에서 발표하는 최근년도 가계금융복지조사결과의 소득 5분위별 자산 및 부채현황 중 소득 4분위 전체가구 평균값 기준 금액은 매년 변동 자산심사 기준은 국토교통부 주택도시기금포털 http nhuf. molit. go. kr 에서 확인가능 이하인 자",30년,2억원
국민은행,청년전용버팀목전월세대출,대출,주택도시기금대출,부부,"부동산 중개업소를 통하여 임차보증금 6천 5백만원 이하 및 월세금 70만원 이하인 주택임대차계약 보증부 월세계약 을 체결하여 임차보증금의 5 퍼센트 이상 지불하고, 1. 대출신청일 현재 만 34세 이하인 단독세대주 단독세대주 예정자 포함 로서 무주택인 고객 단독세대주 예정자 자격인 경우 임차목적물에 반드시 단독세대주로 전입해야 함 2. 최근년도 또는 최근 1년간 연소득이 5천만원 이하인 고객 배우자가 있는 경우 부부합산 기준 3. 대출신청인 및 배우자의 합산 순자산가액이 통계청에서 발표하는 최근년도 가계금융복지조사의 소득 5분위별 자산 및 부채현황중 소득 3분위 전체가구 평균값 기준 금액은 매년 변동 자산심사 기준은 국토교통부 주택도시기금포털 http nhuf. molit. go. kr 에서 확인가능 이하인 조건을 모두 만족한 고객",10년,임차보증금 대출과 월세금 대출의 합계액이 5천 2백만원 이내 임차보증금의 80 퍼센트 이내
국민은행,청년전용버팀목전세자금대출,대출,주택도시기금대출,부부,"만 19세 34세 이하의 세대주 및 세대주예정자로 주택임대차계약을 체결하여 임차보증금의 5 퍼센트 이상 지불하고, 1. 대출신청일 현재 민법상 성년인 세대주 세대주 예정자 포함 또는 세대주로 인정되는 자로서 세대주 예정자 를 포함한 세대원 예정자 전원이 무주택인 고객, 2. 최근년도 또는 최근 1년간 부부합산 총소득이 5천만원 이하인 고객, 3. 대출신청인 및 배우자의 합산 순자산가액이 통계청에서 발표하는 최근년도 가계금융복지조사의 소득 5분위별 자산 및 부채현황 중 소득 3분위 전체가구 평균값 기준 금액은 매년 변동 자산심사 기준은 국토교통부 주택도시기금포털 http nhuf. molit. go. kr 에서 확인가능 이하인 고객으로 상기 3가지 조건을 만족한 고객",10년,임차보증금의 80 퍼센트 이내에서 최고 1억 5천만원 이내
국민은행,KB비상금대출,대출,신용대출,개인,서울보증보험㈜의 개인금융신용보험증권 발급가능한 만19세 이상 내국인,1년,300만원
국민은행,KB군인연금협약대출,대출,신용대출,개인,"군인연금법에 의해 매월 당행 계좌로 연금을 수령하며, 개인신용평가시스템(CSS) 심사기준을 충족하는 고객",10년,2억원
국민은행,KB내맘대로마이너스통장,대출,신용대출,근로소득자,1년 이상 재직중인 직장인으로서 당행 신용평가등급(CSS) 1~4등급 이내,10년,1억원